/Users/shahavi604/Desktop/training_crops_selected/67_MOTA_BAZAR/f10000_b2353.png,SKIP
/Users/shahavi604/Desktop/training_crops_selected/67_MOTA_BAZAR/f10025_b2361.png,SKIP
/Users/shahavi604/Desktop/training_crops_selected/67_MOTA_BAZAR/f10050_b2364.png,SKIP
/Users/shahavi604/Desktop/training_crops_selected/67_MOTA_BAZAR/f10075_b2372.png,GJ01RP2552
/Users/shahavi604/Desktop/training_crops_selected/67_MOTA_BAZAR/f10075_b2376.png,SKIP
/Users/shahavi604/Desktop/training_crops_selected/67_MOTA_BAZAR/f100_b14.png,GJ23CH2802
/Users/shahavi604/Desktop/training_crops_selected/67_MOTA_BAZAR/f10100_b2381.png,SKIP
/Users/shahavi604/Desktop/training_crops_selected/67_MOTA_BAZAR/f10125_b2385.png,SKIP
/Users/shahavi604/Desktop/training_crops_selected/67_MOTA_BAZAR/f10150_b2391.png,SKIP
/Users/shahavi604/Desktop/training_crops_selected/67_MOTA_BAZAR/f10150_b2396.png,GJ23CC2231
/Users/shahavi604/Desktop/training_crops_selected/67_MOTA_BAZAR/f10175_b2400.png,SKIP
/Users/shahavi604/Desktop/training_crops_selected/67_MOTA_BAZAR/f10200_b2406.png,SKIP
/Users/shahavi604/Desktop/training_crops_selected/67_MOTA_BAZAR/f10225_b2412.png,GJ23CC2231
/Users/shahavi604/Desktop/training_crops_selected/67_MOTA_BAZAR/f10250_b2415.png,GJ23CH2802
/Users/shahavi604/Desktop/training_crops_selected/67_MOTA_BAZAR/f1025_b239.png,SKIP
/Users/shahavi604/Desktop/training_crops_selected/67_MOTA_BAZAR/f1025_b243.png,SKIP
/Users/shahavi604/Desktop/training_crops_selected/67_MOTA_BAZAR/f10275_b2425.png,SKIP
/Users/shahavi604/Desktop/training_crops_selected/67_MOTA_BAZAR/f10300_b2426.png,GJ23CH2802
/Users/shahavi604/Desktop/training_crops_selected/67_MOTA_BAZAR/f10350_b2433.png,SKIP
/Users/shahavi604/Desktop/training_crops_selected/67_MOTA_BAZAR/f10375_b2438.png,SKIP
/Users/shahavi604/Desktop/training_crops_selected/67_MOTA_BAZAR/f10375_b2441.png,SKIP
/Users/shahavi604/Desktop/training_crops_selected/67_MOTA_BAZAR/f10425_b2449.png,GJ23CH2802
/Users/shahavi604/Desktop/training_crops_selected/67_MOTA_BAZAR/f10425_b2454.png,SKIP
/Users/shahavi604/Desktop/training_crops_selected/67_MOTA_BAZAR/f10450_b2456.png,GJ23CH2802
/Users/shahavi604/Desktop/training_crops_selected/67_MOTA_BAZAR/f10450_b2462.png,?
/Users/shahavi604/Desktop/training_crops_selected/67_MOTA_BAZAR/f10475_b2472.png,SKIP
/Users/shahavi604/Desktop/training_crops_selected/67_MOTA_BAZAR/f10500_b2478.png,?
/Users/shahavi604/Desktop/training_crops_selected/67_MOTA_BAZAR/f1050_b250.png,?
/Users/shahavi604/Desktop/training_crops_selected/67_MOTA_BAZAR/f10525_b2483.png,?
/Users/shahavi604/Desktop/training_crops_selected/67_MOTA_BAZAR/f10525_b2484.png,SKIP
/Users/shahavi604/Desktop/training_crops_selected/67_MOTA_BAZAR/f10550_b2488.png,GJ23CH2802
/Users/shahavi604/Desktop/training_crops_selected/67_MOTA_BAZAR/f10550_b2493.png,SKIP
/Users/shahavi604/Desktop/training_crops_selected/67_MOTA_BAZAR/f10575_b2495.png,SKIP
/Users/shahavi604/Desktop/training_crops_selected/67_MOTA_BAZAR/f10600_b2503.png,GJ23CH2802
/Users/shahavi604/Desktop/training_crops_selected/67_MOTA_BAZAR/f10600_b2505.png,?
/Users/shahavi604/Desktop/training_crops_selected/67_MOTA_BAZAR/f10625_b2514.png,GJ23CH2802
/Users/shahavi604/Desktop/training_crops_selected/67_MOTA_BAZAR/f10625_b2519.png,GJ23BM6133
/Users/shahavi604/Desktop/training_crops_selected/67_MOTA_BAZAR/f10650_b2526.png,SKIP
/Users/shahavi604/Desktop/training_crops_selected/67_MOTA_BAZAR/f10675_b2532.png,SKIP
/Users/shahavi604/Desktop/training_crops_selected/67_MOTA_BAZAR/f10700_b2536.png,?
/Users/shahavi604/Desktop/training_crops_selected/67_MOTA_BAZAR/f10700_b2538.png,SKIP
/Users/shahavi604/Desktop/training_crops_selected/67_MOTA_BAZAR/f10725_b2542.png,GJ23CE1306
/Users/shahavi604/Desktop/training_crops_selected/67_MOTA_BAZAR/f10750_b2553.png,GJ23BK6197
/Users/shahavi604/Desktop/training_crops_selected/67_MOTA_BAZAR/f1075_b252.png,GJ23CH2802
/Users/shahavi604/Desktop/training_crops_selected/67_MOTA_BAZAR/f1075_b255.png,GJ23CE2049
/Users/shahavi604/Desktop/training_crops_selected/67_MOTA_BAZAR/f10775_b2556.png,GJ23BK6197
/Users/shahavi604/Desktop/training_crops_selected/67_MOTA_BAZAR/f10800_b2561.png,GJ23CH2802
/Users/shahavi604/Desktop/training_crops_selected/67_MOTA_BAZAR/f10825_b2569.png,SKIP
/Users/shahavi604/Desktop/training_crops_selected/67_MOTA_BAZAR/f10850_b2572.png,GJ23CH2802
/Users/shahavi604/Desktop/training_crops_selected/67_MOTA_BAZAR/f10850_b2575.png,SKIP
/Users/shahavi604/Desktop/training_crops_selected/67_MOTA_BAZAR/f10875_b2584.png,?
/Users/shahavi604/Desktop/training_crops_selected/67_MOTA_BAZAR/f10875_b2586.png,?
/Users/shahavi604/Desktop/training_crops_selected/67_MOTA_BAZAR/f10900_b2594.png,SKIP
/Users/shahavi604/Desktop/training_crops_selected/67_MOTA_BAZAR/f10925_b2597.png,GJ23TJ8140
/Users/shahavi604/Desktop/training_crops_selected/67_MOTA_BAZAR/f10925_b2602.png,?
/Users/shahavi604/Desktop/training_crops_selected/67_MOTA_BAZAR/f10950_b2604.png,GJ23CH2802
/Users/shahavi604/Desktop/training_crops_selected/67_MOTA_BAZAR/f10975_b2612.png,GJ23CH2802
/Users/shahavi604/Desktop/training_crops_selected/67_MOTA_BAZAR/f11000_b2623.png,SKIP
/Users/shahavi604/Desktop/training_crops_selected/67_MOTA_BAZAR/f11000_b2624.png,SKIP
/Users/shahavi604/Desktop/training_crops_selected/67_MOTA_BAZAR/f1100_b263.png,?
/Users/shahavi604/Desktop/training_crops_selected/67_MOTA_BAZAR/f11025_b2631.png,SKIP
/Users/shahavi604/Desktop/training_crops_selected/67_MOTA_BAZAR/f11050_b2634.png,SKIP
/Users/shahavi604/Desktop/training_crops_selected/67_MOTA_BAZAR/f11075_b2639.png,SKIP
/Users/shahavi604/Desktop/training_crops_selected/67_MOTA_BAZAR/f11100_b2648.png,SKIP
/Users/shahavi604/Desktop/training_crops_selected/67_MOTA_BAZAR/f11125_b2651.png,SKIP
/Users/shahavi604/Desktop/training_crops_selected/67_MOTA_BAZAR/f11150_b2654.png,GJ23CH2802
/Users/shahavi604/Desktop/training_crops_selected/67_MOTA_BAZAR/f11175_b2661.png,SKIP
/Users/shahavi604/Desktop/training_crops_selected/67_MOTA_BAZAR/f11200_b2666.png,SKIP
/Users/shahavi604/Desktop/training_crops_selected/67_MOTA_BAZAR/f11225_b2672.png,SKIP
/Users/shahavi604/Desktop/training_crops_selected/67_MOTA_BAZAR/f11225_b2675.png,SKIP
/Users/shahavi604/Desktop/training_crops_selected/67_MOTA_BAZAR/f11250_b2684.png,SKIP
/Users/shahavi604/Desktop/training_crops_selected/67_MOTA_BAZAR/f1125_b266.png,?
/Users/shahavi604/Desktop/training_crops_selected/67_MOTA_BAZAR/f11275_b2687.png,SKIP
/Users/shahavi604/Desktop/training_crops_selected/67_MOTA_BAZAR/f11300_b2692.png,SKIP
/Users/shahavi604/Desktop/training_crops_selected/67_MOTA_BAZAR/f11325_b2698.png,SKIP
/Users/shahavi604/Desktop/training_crops_selected/67_MOTA_BAZAR/f11350_b2701.png,GJ23CH2802
/Users/shahavi604/Desktop/training_crops_selected/67_MOTA_BAZAR/f11350_b2704.png,GJ23CC9063
/Users/shahavi604/Desktop/training_crops_selected/67_MOTA_BAZAR/f11375_b2708.png,GJ23CH2802
/Users/shahavi604/Desktop/training_crops_selected/67_MOTA_BAZAR/f11400_b2716.png,GJ23CC9063
/Users/shahavi604/Desktop/training_crops_selected/67_MOTA_BAZAR/f11425_b2721.png,SKIP
/Users/shahavi604/Desktop/training_crops_selected/67_MOTA_BAZAR/f11450_b2725.png,GJ23CH1029
/Users/shahavi604/Desktop/training_crops_selected/67_MOTA_BAZAR/f11475_b2735.png,?
/Users/shahavi604/Desktop/training_crops_selected/67_MOTA_BAZAR/f11500_b2737.png,GJ23CH1029
/Users/shahavi604/Desktop/training_crops_selected/67_MOTA_BAZAR/f1150_b277.png,GJ23CE2049
/Users/shahavi604/Desktop/training_crops_selected/67_MOTA_BAZAR/f11525_b2743.png,SKIP
/Users/shahavi604/Desktop/training_crops_selected/67_MOTA_BAZAR/f11550_b2747.png,GJ23CH2802
/Users/shahavi604/Desktop/training_crops_selected/67_MOTA_BAZAR/f11575_b2752.png,SKIP
/Users/shahavi604/Desktop/training_crops_selected/67_MOTA_BAZAR/f11600_b2763.png,SKIP
/Users/shahavi604/Desktop/training_crops_selected/67_MOTA_BAZAR/f11600_b2765.png,SKIP
/Users/shahavi604/Desktop/training_crops_selected/67_MOTA_BAZAR/f11625_b2767.png,SKIP
/Users/shahavi604/Desktop/training_crops_selected/67_MOTA_BAZAR/f11625_b2769.png,GJ23CH2802
/Users/shahavi604/Desktop/training_crops_selected/67_MOTA_BAZAR/f11650_b2777.png,SKIP
/Users/shahavi604/Desktop/training_crops_selected/67_MOTA_BAZAR/f11675_b2782.png,SKIP
/Users/shahavi604/Desktop/training_crops_selected/67_MOTA_BAZAR/f11675_b2787.png,SKIP
/Users/shahavi604/Desktop/training_crops_selected/67_MOTA_BAZAR/f11700_b2796.png,SKIP
/Users/shahavi604/Desktop/training_crops_selected/67_MOTA_BAZAR/f11725_b2802.png,?
/Users/shahavi604/Desktop/training_crops_selected/67_MOTA_BAZAR/f11750_b2803.png,SKIP
/Users/shahavi604/Desktop/training_crops_selected/67_MOTA_BAZAR/f11750_b2810.png,SKIP
/Users/shahavi604/Desktop/training_crops_selected/67_MOTA_BAZAR/f1175_b281.png,?
/Users/shahavi604/Desktop/training_crops_selected/67_MOTA_BAZAR/f1175_b284.png,GJ23CE2049
/Users/shahavi604/Desktop/training_crops_selected/67_MOTA_BAZAR/f11800_b2815.png,SKIP
/Users/shahavi604/Desktop/training_crops_selected/67_MOTA_BAZAR/f11800_b2820.png,?
/Users/shahavi604/Desktop/training_crops_selected/67_MOTA_BAZAR/f11825_b2823.png,SKIP
/Users/shahavi604/Desktop/training_crops_selected/67_MOTA_BAZAR/f11850_b2831.png,SKIP
/Users/shahavi604/Desktop/training_crops_selected/67_MOTA_BAZAR/f11875_b2834.png,GJ07DA8350
/Users/shahavi604/Desktop/training_crops_selected/67_MOTA_BAZAR/f11900_b2844.png,SKIP
/Users/shahavi604/Desktop/training_crops_selected/67_MOTA_BAZAR/f11925_b2849.png,GJ23EA6758
/Users/shahavi604/Desktop/training_crops_selected/67_MOTA_BAZAR/f11925_b2850.png,SKIP
/Users/shahavi604/Desktop/training_crops_selected/67_MOTA_BAZAR/f11950_b2856.png,SKIP
/Users/shahavi604/Desktop/training_crops_selected/67_MOTA_BAZAR/f11975_b2862.png,SKIP
/Users/shahavi604/Desktop/training_crops_selected/67_MOTA_BAZAR/f11975_b2865.png,GJ23EA6759
/Users/shahavi604/Desktop/training_crops_selected/67_MOTA_BAZAR/f12000_b2871.png,SKIP
/Users/shahavi604/Desktop/training_crops_selected/67_MOTA_BAZAR/f1200_b288.png,GJ23CE2049
/Users/shahavi604/Desktop/training_crops_selected/67_MOTA_BAZAR/f12025_b2877.png,GJ23EA6759
/Users/shahavi604/Desktop/training_crops_selected/67_MOTA_BAZAR/f12025_b2885.png,GJ23DA5479
/Users/shahavi604/Desktop/training_crops_selected/67_MOTA_BAZAR/f12050_b2891.png,SKIP
/Users/shahavi604/Desktop/training_crops_selected/67_MOTA_BAZAR/f12050_b2893.png,?
/Users/shahavi604/Desktop/training_crops_selected/67_MOTA_BAZAR/f12075_b2898.png,GJ23CH2802
/Users/shahavi604/Desktop/training_crops_selected/67_MOTA_BAZAR/f12075_b2900.png,GJ07EG6660
/Users/shahavi604/Desktop/training_crops_selected/67_MOTA_BAZAR/f12100_b2907.png,GJ23CH2802
/Users/shahavi604/Desktop/training_crops_selected/67_MOTA_BAZAR/f12125_b2913.png,GJ23CH9398
/Users/shahavi604/Desktop/training_crops_selected/67_MOTA_BAZAR/f12150_b2918.png,GJ23CC7368
/Users/shahavi604/Desktop/training_crops_selected/67_MOTA_BAZAR/f12175_b2927.png,SKIP
/Users/shahavi604/Desktop/training_crops_selected/67_MOTA_BAZAR/f12200_b2929.png,GJ23CH9398
/Users/shahavi604/Desktop/training_crops_selected/67_MOTA_BAZAR/f12200_b2935.png,SKIP
/Users/shahavi604/Desktop/training_crops_selected/67_MOTA_BAZAR/f12225_b2937.png,GJ23CH9398
/Users/shahavi604/Desktop/training_crops_selected/67_MOTA_BAZAR/f12250_b2949.png,GJ23CH3638
/Users/shahavi604/Desktop/training_crops_selected/67_MOTA_BAZAR/f1225_b290.png,GJ23CH2802
/Users/shahavi604/Desktop/training_crops_selected/67_MOTA_BAZAR/f12275_b2952.png,SKIP
/Users/shahavi604/Desktop/training_crops_selected/67_MOTA_BAZAR/f12275_b2955.png,SKIP
/Users/shahavi604/Desktop/training_crops_selected/67_MOTA_BAZAR/f12300_b2958.png,SKIP
/Users/shahavi604/Desktop/training_crops_selected/67_MOTA_BAZAR/f12325_b2964.png,SKIP
/Users/shahavi604/Desktop/training_crops_selected/67_MOTA_BAZAR/f12350_b2970.png,SKIP
/Users/shahavi604/Desktop/training_crops_selected/67_MOTA_BAZAR/f12375_b2977.png,?
/Users/shahavi604/Desktop/training_crops_selected/67_MOTA_BAZAR/f12375_b2978.png,GJ23CH2802
/Users/shahavi604/Desktop/training_crops_selected/67_MOTA_BAZAR/f12400_b2987.png,GJ23OK4887
/Users/shahavi604/Desktop/training_crops_selected/67_MOTA_BAZAR/f12425_b2992.png,SKIP
/Users/shahavi604/Desktop/training_crops_selected/67_MOTA_BAZAR/f12425_b2995.png,SKIP
/Users/shahavi604/Desktop/training_crops_selected/67_MOTA_BAZAR/f12450_b3002.png,SKIP
/Users/shahavi604/Desktop/training_crops_selected/67_MOTA_BAZAR/f12450_b3007.png,SKIP
/Users/shahavi604/Desktop/training_crops_selected/67_MOTA_BAZAR/f12475_b3013.png,GJ23CH2802
/Users/shahavi604/Desktop/training_crops_selected/67_MOTA_BAZAR/f12500_b3015.png,SKIP
/Users/shahavi604/Desktop/training_crops_selected/67_MOTA_BAZAR/f12500_b3021.png,SKIP
/Users/shahavi604/Desktop/training_crops_selected/67_MOTA_BAZAR/f1250_b300.png,GJ23CE2049
/Users/shahavi604/Desktop/training_crops_selected/67_MOTA_BAZAR/f12525_b3027.png,SKIP
/Users/shahavi604/Desktop/training_crops_selected/67_MOTA_BAZAR/f12550_b3031.png,SKIP
/Users/shahavi604/Desktop/training_crops_selected/67_MOTA_BAZAR/f12550_b3038.png,?
/Users/shahavi604/Desktop/training_crops_selected/67_MOTA_BAZAR/f12575_b3040.png,GJ23CH9878
/Users/shahavi604/Desktop/training_crops_selected/67_MOTA_BAZAR/f125_b19.png,GJ23CH2802
/Users/shahavi604/Desktop/training_crops_selected/67_MOTA_BAZAR/f12600_b3047.png,GJ23CH9878
/Users/shahavi604/Desktop/training_crops_selected/67_MOTA_BAZAR/f12625_b3056.png,SKIP
/Users/shahavi604/Desktop/training_crops_selected/67_MOTA_BAZAR/f12625_b3061.png,SKIP
/Users/shahavi604/Desktop/training_crops_selected/67_MOTA_BAZAR/f12650_b3063.png,SKIP
/Users/shahavi604/Desktop/training_crops_selected/67_MOTA_BAZAR/f12650_b3064.png,SKIP
/Users/shahavi604/Desktop/training_crops_selected/67_MOTA_BAZAR/f12675_b3075.png,?
/Users/shahavi604/Desktop/training_crops_selected/67_MOTA_BAZAR/f12700_b3082.png,SKIP
/Users/shahavi604/Desktop/training_crops_selected/67_MOTA_BAZAR/f12725_b3084.png,SKIP
/Users/shahavi604/Desktop/training_crops_selected/67_MOTA_BAZAR/f12725_b3086.png,SKIP
/Users/shahavi604/Desktop/training_crops_selected/67_MOTA_BAZAR/f12750_b3093.png,GJ23OK0431
/Users/shahavi604/Desktop/training_crops_selected/67_MOTA_BAZAR/f12750_b3099.png,GJ23CH2802
/Users/shahavi604/Desktop/training_crops_selected/67_MOTA_BAZAR/f1275_b306.png,GJ23CE2049
/Users/shahavi604/Desktop/training_crops_selected/67_MOTA_BAZAR/f12775_b3109.png,GJ35H4916
/Users/shahavi604/Desktop/training_crops_selected/67_MOTA_BAZAR/f12775_b3110.png,GJ23CH2802
/Users/shahavi604/Desktop/training_crops_selected/67_MOTA_BAZAR/f12800_b3117.png,SKIP
/Users/shahavi604/Desktop/training_crops_selected/67_MOTA_BAZAR/f12800_b3120.png,SKIP
/Users/shahavi604/Desktop/training_crops_selected/67_MOTA_BAZAR/f12825_b3127.png,GJ35H4916
/Users/shahavi604/Desktop/training_crops_selected/67_MOTA_BAZAR/f12850_b3132.png,SKIP
/Users/shahavi604/Desktop/training_crops_selected/67_MOTA_BAZAR/f12875_b3137.png,SKIP
/Users/shahavi604/Desktop/training_crops_selected/67_MOTA_BAZAR/f12900_b3140.png,SKIP
/Users/shahavi604/Desktop/training_crops_selected/67_MOTA_BAZAR/f12925_b3144.png,GJ23CH2802
/Users/shahavi604/Desktop/training_crops_selected/67_MOTA_BAZAR/f12950_b3156.png,SKIP
/Users/shahavi604/Desktop/training_crops_selected/67_MOTA_BAZAR/f12975_b3159.png,SKIP
/Users/shahavi604/Desktop/training_crops_selected/67_MOTA_BAZAR/f12975_b3162.png,?
/Users/shahavi604/Desktop/training_crops_selected/67_MOTA_BAZAR/f13000_b3167.png,SKIP
/Users/shahavi604/Desktop/training_crops_selected/67_MOTA_BAZAR/f1300_b308.png,?
/Users/shahavi604/Desktop/training_crops_selected/67_MOTA_BAZAR/f13025_b3173.png,GJ23CH2802
/Users/shahavi604/Desktop/training_crops_selected/67_MOTA_BAZAR/f13025_b3177.png,SKIP
/Users/shahavi604/Desktop/training_crops_selected/67_MOTA_BAZAR/f13050_b3185.png,GJ23EB9919
/Users/shahavi604/Desktop/training_crops_selected/67_MOTA_BAZAR/f13075_b3189.png,SKIP
/Users/shahavi604/Desktop/training_crops_selected/67_MOTA_BAZAR/f13075_b3193.png,GJ23CH2802
/Users/shahavi604/Desktop/training_crops_selected/67_MOTA_BAZAR/f13100_b3199.png,SKIP
/Users/shahavi604/Desktop/training_crops_selected/67_MOTA_BAZAR/f13100_b3202.png,?
/Users/shahavi604/Desktop/training_crops_selected/67_MOTA_BAZAR/f13125_b3207.png,SKIP
/Users/shahavi604/Desktop/training_crops_selected/67_MOTA_BAZAR/f13125_b3218.png,?
/Users/shahavi604/Desktop/training_crops_selected/67_MOTA_BAZAR/f13150_b3220.png,GJ23CH2802
/Users/shahavi604/Desktop/training_crops_selected/67_MOTA_BAZAR/f13150_b3227.png,GJ23EA9919
/Users/shahavi604/Desktop/training_crops_selected/67_MOTA_BAZAR/f13150_b3228.png,?
/Users/shahavi604/Desktop/training_crops_selected/67_MOTA_BAZAR/f13175_b3237.png,GJ23EA9919
/Users/shahavi604/Desktop/training_crops_selected/67_MOTA_BAZAR/f13175_b3241.png,?
/Users/shahavi604/Desktop/training_crops_selected/67_MOTA_BAZAR/f13200_b3243.png,GJ23CH2802
/Users/shahavi604/Desktop/training_crops_selected/67_MOTA_BAZAR/f13200_b3245.png,SKIP
/Users/shahavi604/Desktop/training_crops_selected/67_MOTA_BAZAR/f13225_b3254.png,GJ23CH2802
/Users/shahavi604/Desktop/training_crops_selected/67_MOTA_BAZAR/f13225_b3260.png,GJ23BH1486
/Users/shahavi604/Desktop/training_crops_selected/67_MOTA_BAZAR/f13250_b3262.png,GJ23CH2802
/Users/shahavi604/Desktop/training_crops_selected/67_MOTA_BAZAR/f1325_b316.png,?
/Users/shahavi604/Desktop/training_crops_selected/67_MOTA_BAZAR/f13275_b3272.png,SKIP
/Users/shahavi604/Desktop/training_crops_selected/67_MOTA_BAZAR/f13300_b3276.png,?
/Users/shahavi604/Desktop/training_crops_selected/67_MOTA_BAZAR/f13325_b3283.png,SKIP
/Users/shahavi604/Desktop/training_crops_selected/67_MOTA_BAZAR/f13325_b3284.png,SKIP
/Users/shahavi604/Desktop/training_crops_selected/67_MOTA_BAZAR/f13350_b3293.png,SKIP
/Users/shahavi604/Desktop/training_crops_selected/67_MOTA_BAZAR/f13375_b3295.png,GJ23CH2802
/Users/shahavi604/Desktop/training_crops_selected/67_MOTA_BAZAR/f13375_b3299.png,SKIP
/Users/shahavi604/Desktop/training_crops_selected/67_MOTA_BAZAR/f13400_b3304.png,?
/Users/shahavi604/Desktop/training_crops_selected/67_MOTA_BAZAR/f13425_b3310.png,GJ23CH2802
/Users/shahavi604/Desktop/training_crops_selected/67_MOTA_BAZAR/f13450_b3315.png,GJ23CH2802
/Users/shahavi604/Desktop/training_crops_selected/67_MOTA_BAZAR/f13475_b3322.png,SKIP
/Users/shahavi604/Desktop/training_crops_selected/67_MOTA_BAZAR/f13500_b3330.png,SKIP
/Users/shahavi604/Desktop/training_crops_selected/67_MOTA_BAZAR/f1350_b320.png,GJ23CH2802
/Users/shahavi604/Desktop/training_crops_selected/67_MOTA_BAZAR/f1350_b325.png,?
/Users/shahavi604/Desktop/training_crops_selected/67_MOTA_BAZAR/f13525_b3333.png,GJ23CH2802
/Users/shahavi604/Desktop/training_crops_selected/67_MOTA_BAZAR/f13525_b3338.png,GJ23BM2164
/Users/shahavi604/Desktop/training_crops_selected/67_MOTA_BAZAR/f13550_b3345.png,SKIP
/Users/shahavi604/Desktop/training_crops_selected/67_MOTA_BAZAR/f13575_b3346.png,GJ23CH2802
/Users/shahavi604/Desktop/training_crops_selected/67_MOTA_BAZAR/f13625_b3353.png,GJ23CH2802
/Users/shahavi604/Desktop/training_crops_selected/67_MOTA_BAZAR/f13650_b3358.png,SKIP
/Users/shahavi604/Desktop/training_crops_selected/67_MOTA_BAZAR/f13700_b3367.png,SKIP
/Users/shahavi604/Desktop/training_crops_selected/67_MOTA_BAZAR/f13725_b3368.png,GJ23CH2802
/Users/shahavi604/Desktop/training_crops_selected/67_MOTA_BAZAR/f13750_b3373.png,SKIP
/Users/shahavi604/Desktop/training_crops_selected/67_MOTA_BAZAR/f1375_b331.png,GJ23C32049
/Users/shahavi604/Desktop/training_crops_selected/67_MOTA_BAZAR/f13775_b3376.png,GJ23CH2802
/Users/shahavi604/Desktop/training_crops_selected/67_MOTA_BAZAR/f13800_b3383.png,SKIP
/Users/shahavi604/Desktop/training_crops_selected/67_MOTA_BAZAR/f13850_b3390.png,GJ23CH2802
/Users/shahavi604/Desktop/training_crops_selected/67_MOTA_BAZAR/f13875_b3396.png,SKIP
/Users/shahavi604/Desktop/training_crops_selected/67_MOTA_BAZAR/f13900_b3400.png,SKIP
/Users/shahavi604/Desktop/training_crops_selected/67_MOTA_BAZAR/f13925_b3404.png,SKIP
/Users/shahavi604/Desktop/training_crops_selected/67_MOTA_BAZAR/f13975_b3411.png,SKIP
/Users/shahavi604/Desktop/training_crops_selected/67_MOTA_BAZAR/f14000_b3417.png,GJ23BA7494
/Users/shahavi604/Desktop/training_crops_selected/67_MOTA_BAZAR/f1400_b338.png,?
/Users/shahavi604/Desktop/training_crops_selected/67_MOTA_BAZAR/f1400_b340.png,SKIP
/Users/shahavi604/Desktop/training_crops_selected/67_MOTA_BAZAR/f14025_b3419.png,SKIP
/Users/shahavi604/Desktop/training_crops_selected/67_MOTA_BAZAR/f14050_b3425.png,?
/Users/shahavi604/Desktop/training_crops_selected/67_MOTA_BAZAR/f14075_b3430.png,SKIP
/Users/shahavi604/Desktop/training_crops_selected/67_MOTA_BAZAR/f14125_b3437.png,SKIP
/Users/shahavi604/Desktop/training_crops_selected/67_MOTA_BAZAR/f14150_b3440.png,SKIP
/Users/shahavi604/Desktop/training_crops_selected/67_MOTA_BAZAR/f14175_b3444.png,GJ23CH2802
/Users/shahavi604/Desktop/training_crops_selected/67_MOTA_BAZAR/f14200_b3451.png,GJ23CG4518
/Users/shahavi604/Desktop/training_crops_selected/67_MOTA_BAZAR/f14225_b3457.png,SKIP
/Users/shahavi604/Desktop/training_crops_selected/67_MOTA_BAZAR/f14250_b3462.png,GJ23CH2802
/Users/shahavi604/Desktop/training_crops_selected/67_MOTA_BAZAR/f14250_b3466.png,?
/Users/shahavi604/Desktop/training_crops_selected/67_MOTA_BAZAR/f1425_b346.png,?
/Users/shahavi604/Desktop/training_crops_selected/67_MOTA_BAZAR/f14275_b3472.png,SKIP
/Users/shahavi604/Desktop/training_crops_selected/67_MOTA_BAZAR/f14325_b3479.png,SKIP
/Users/shahavi604/Desktop/training_crops_selected/67_MOTA_BAZAR/f14375_b3483.png,GJ23CH2802
/Users/shahavi604/Desktop/training_crops_selected/67_MOTA_BAZAR/f14400_b3490.png,SKIP
/Users/shahavi604/Desktop/training_crops_selected/67_MOTA_BAZAR/f14425_b3491.png,GJ23CH2802
/Users/shahavi604/Desktop/training_crops_selected/67_MOTA_BAZAR/f14450_b3501.png,SKIP
/Users/shahavi604/Desktop/training_crops_selected/67_MOTA_BAZAR/f14475_b3504.png,?
/Users/shahavi604/Desktop/training_crops_selected/67_MOTA_BAZAR/f14500_b3509.png,?
/Users/shahavi604/Desktop/training_crops_selected/67_MOTA_BAZAR/f14500_b3512.png,SKIP
/Users/shahavi604/Desktop/training_crops_selected/67_MOTA_BAZAR/f1450_b351.png,GJ23CE2049
/Users/shahavi604/Desktop/training_crops_selected/67_MOTA_BAZAR/f14525_b3519.png,?
/Users/shahavi604/Desktop/training_crops_selected/67_MOTA_BAZAR/f14550_b3522.png,SKIP
/Users/shahavi604/Desktop/training_crops_selected/67_MOTA_BAZAR/f14575_b3525.png,GJ23CH2802
/Users/shahavi604/Desktop/training_crops_selected/67_MOTA_BAZAR/f14625_b3538.png,SKIP
/Users/shahavi604/Desktop/training_crops_selected/67_MOTA_BAZAR/f14625_b3540.png,?
/Users/shahavi604/Desktop/training_crops_selected/67_MOTA_BAZAR/f14650_b3544.png,?
/Users/shahavi604/Desktop/training_crops_selected/67_MOTA_BAZAR/f14675_b3547.png,GJ23CH2802
/Users/shahavi604/Desktop/training_crops_selected/67_MOTA_BAZAR/f14700_b3555.png,SKIP
/Users/shahavi604/Desktop/training_crops_selected/67_MOTA_BAZAR/f14725_b3560.png,SKIP
/Users/shahavi604/Desktop/training_crops_selected/67_MOTA_BAZAR/f14750_b3567.png,SKIP
/Users/shahavi604/Desktop/training_crops_selected/67_MOTA_BAZAR/f1475_b355.png,GJ23CH2802
/Users/shahavi604/Desktop/training_crops_selected/67_MOTA_BAZAR/f14775_b3573.png,SKIP
/Users/shahavi604/Desktop/training_crops_selected/67_MOTA_BAZAR/f14775_b3574.png,GJ23DM8694
/Users/shahavi604/Desktop/training_crops_selected/67_MOTA_BAZAR/f14800_b3578.png,?
/Users/shahavi604/Desktop/training_crops_selected/67_MOTA_BAZAR/f14825_b3584.png,SKIP
/Users/shahavi604/Desktop/training_crops_selected/67_MOTA_BAZAR/f14850_b3591.png,SKIP
/Users/shahavi604/Desktop/training_crops_selected/67_MOTA_BAZAR/f14875_b3597.png,GJ23CH2802
/Users/shahavi604/Desktop/training_crops_selected/67_MOTA_BAZAR/f14875_b3598.png,SKIP
/Users/shahavi604/Desktop/training_crops_selected/67_MOTA_BAZAR/f14900_b3604.png,SKIP
/Users/shahavi604/Desktop/training_crops_selected/67_MOTA_BAZAR/f14925_b3610.png,GJ23CH2802
/Users/shahavi604/Desktop/training_crops_selected/67_MOTA_BAZAR/f14950_b3617.png,SKIP
/Users/shahavi604/Desktop/training_crops_selected/67_MOTA_BAZAR/f1500_b364.png,GJ23CE2049
/Users/shahavi604/Desktop/training_crops_selected/67_MOTA_BAZAR/f150_b25.png,GJ23CH2802
/Users/shahavi604/Desktop/training_crops_selected/67_MOTA_BAZAR/f150_b28.png,GJ23CE2049
/Users/shahavi604/Desktop/training_crops_selected/67_MOTA_BAZAR/f1525_b369.png,GJ23CE2049
/Users/shahavi604/Desktop/training_crops_selected/67_MOTA_BAZAR/f1550_b371.png,GJ23CH2802
/Users/shahavi604/Desktop/training_crops_selected/67_MOTA_BAZAR/f1550_b375.png,?
/Users/shahavi604/Desktop/training_crops_selected/67_MOTA_BAZAR/f1575_b378.png,GJ23CH2802
/Users/shahavi604/Desktop/training_crops_selected/67_MOTA_BAZAR/f1600_b387.png,?
/Users/shahavi604/Desktop/training_crops_selected/67_MOTA_BAZAR/f1625_b390.png,SKIP
/Users/shahavi604/Desktop/training_crops_selected/67_MOTA_BAZAR/f1650_b398.png,GJ23CE2049
/Users/shahavi604/Desktop/training_crops_selected/67_MOTA_BAZAR/f1675_b401.png,?
/Users/shahavi604/Desktop/training_crops_selected/67_MOTA_BAZAR/f1700_b406.png,GJ23CE2049
/Users/shahavi604/Desktop/training_crops_selected/67_MOTA_BAZAR/f1725_b413.png,GJ23CE2049
/Users/shahavi604/Desktop/training_crops_selected/67_MOTA_BAZAR/f1750_b418.png,GJ23CE2049
/Users/shahavi604/Desktop/training_crops_selected/67_MOTA_BAZAR/f175_b35.png,SKIP
/Users/shahavi604/Desktop/training_crops_selected/67_MOTA_BAZAR/f1775_b421.png,GJ23CE2049
/Users/shahavi604/Desktop/training_crops_selected/67_MOTA_BAZAR/f1800_b426.png,GJ23CH2802
/Users/shahavi604/Desktop/training_crops_selected/67_MOTA_BAZAR/f1825_b437.png,?
/Users/shahavi604/Desktop/training_crops_selected/67_MOTA_BAZAR/f1825_b439.png,GJ23CE2049
/Users/shahavi604/Desktop/training_crops_selected/67_MOTA_BAZAR/f1850_b441.png,?
/Users/shahavi604/Desktop/training_crops_selected/67_MOTA_BAZAR/f1875_b451.png,?
/Users/shahavi604/Desktop/training_crops_selected/67_MOTA_BAZAR/f1875_b454.png,GJ23CE2049
/Users/shahavi604/Desktop/training_crops_selected/67_MOTA_BAZAR/f1900_b461.png,?
/Users/shahavi604/Desktop/training_crops_selected/67_MOTA_BAZAR/f1925_b469.png,GJ23CE2049
/Users/shahavi604/Desktop/training_crops_selected/67_MOTA_BAZAR/f1925_b470.png,?
/Users/shahavi604/Desktop/training_crops_selected/67_MOTA_BAZAR/f1950_b472.png,GJ23BS7883
/Users/shahavi604/Desktop/training_crops_selected/67_MOTA_BAZAR/f1975_b483.png,?
/Users/shahavi604/Desktop/training_crops_selected/67_MOTA_BAZAR/f2000_b485.png,GJ23CE2049
/Users/shahavi604/Desktop/training_crops_selected/67_MOTA_BAZAR/f200_b38.png,GJ23CH2802
/Users/shahavi604/Desktop/training_crops_selected/67_MOTA_BAZAR/f200_b42.png,?
/Users/shahavi604/Desktop/training_crops_selected/67_MOTA_BAZAR/f2025_b494.png,GJ23CE2049
/Users/shahavi604/Desktop/training_crops_selected/67_MOTA_BAZAR/f2050_b496.png,GJ23CH2802
/Users/shahavi604/Desktop/training_crops_selected/67_MOTA_BAZAR/f2050_b498.png,GJ23CE2049
/Users/shahavi604/Desktop/training_crops_selected/67_MOTA_BAZAR/f2075_b503.png,GJ23CH2802
/Users/shahavi604/Desktop/training_crops_selected/67_MOTA_BAZAR/f2100_b513.png,GJ23EB5778
/Users/shahavi604/Desktop/training_crops_selected/67_MOTA_BAZAR/f2125_b516.png,GJ23CH2802
/Users/shahavi604/Desktop/training_crops_selected/67_MOTA_BAZAR/f2150_b523.png,GJ23CE2049
/Users/shahavi604/Desktop/training_crops_selected/67_MOTA_BAZAR/f2150_b527.png,SKIP
/Users/shahavi604/Desktop/training_crops_selected/67_MOTA_BAZAR/f2175_b529.png,GJ23CE2049
/Users/shahavi604/Desktop/training_crops_selected/67_MOTA_BAZAR/f2200_b538.png,?
/Users/shahavi604/Desktop/training_crops_selected/67_MOTA_BAZAR/f2225_b539.png,GJ23CH2802
/Users/shahavi604/Desktop/training_crops_selected/67_MOTA_BAZAR/f2250_b544.png,GJ23CH2802
/Users/shahavi604/Desktop/training_crops_selected/67_MOTA_BAZAR/f225_b49.png,GJ23CE2049
/Users/shahavi604/Desktop/training_crops_selected/67_MOTA_BAZAR/f2275_b553.png,?
/Users/shahavi604/Desktop/training_crops_selected/67_MOTA_BAZAR/f2300_b558.png,GJ23CA2461
/Users/shahavi604/Desktop/training_crops_selected/67_MOTA_BAZAR/f2325_b568.png,CJ23CE2049
/Users/shahavi604/Desktop/training_crops_selected/67_MOTA_BAZAR/f2325_b570.png,?
/Users/shahavi604/Desktop/training_crops_selected/67_MOTA_BAZAR/f2350_b572.png,?
/Users/shahavi604/Desktop/training_crops_selected/67_MOTA_BAZAR/f2375_b578.png,GJ23CE2049
/Users/shahavi604/Desktop/training_crops_selected/67_MOTA_BAZAR/f2400_b585.png,GJ23CE2049
/Users/shahavi604/Desktop/training_crops_selected/67_MOTA_BAZAR/f2425_b586.png,?
/Users/shahavi604/Desktop/training_crops_selected/67_MOTA_BAZAR/f2450_b595.png,?
/Users/shahavi604/Desktop/training_crops_selected/67_MOTA_BAZAR/f2500_b604.png,?
/Users/shahavi604/Desktop/training_crops_selected/67_MOTA_BAZAR/f250_b56.png,GJ23CE2049
/Users/shahavi604/Desktop/training_crops_selected/67_MOTA_BAZAR/f2525_b606.png,GJ23CH2802
/Users/shahavi604/Desktop/training_crops_selected/67_MOTA_BAZAR/f2525_b608.png,?
/Users/shahavi604/Desktop/training_crops_selected/67_MOTA_BAZAR/f2550_b613.png,GJ23CE2049
/Users/shahavi604/Desktop/training_crops_selected/67_MOTA_BAZAR/f2575_b619.png,GJ23CE2049
/Users/shahavi604/Desktop/training_crops_selected/67_MOTA_BAZAR/f25_b4.png,?
/Users/shahavi604/Desktop/training_crops_selected/67_MOTA_BAZAR/f2600_b625.png,GJ23CE2049
/Users/shahavi604/Desktop/training_crops_selected/67_MOTA_BAZAR/f2625_b631.png,?
/Users/shahavi604/Desktop/training_crops_selected/67_MOTA_BAZAR/f2650_b637.png,GJ23CE2049
/Users/shahavi604/Desktop/training_crops_selected/67_MOTA_BAZAR/f2675_b641.png,GJ23CE2049
/Users/shahavi604/Desktop/training_crops_selected/67_MOTA_BAZAR/f2700_b650.png,?
/Users/shahavi604/Desktop/training_crops_selected/67_MOTA_BAZAR/f2725_b652.png,?
/Users/shahavi604/Desktop/training_crops_selected/67_MOTA_BAZAR/f2725_b657.png,GJ23CE2049
/Users/shahavi604/Desktop/training_crops_selected/67_MOTA_BAZAR/f2750_b658.png,GJ23CH2802
/Users/shahavi604/Desktop/training_crops_selected/67_MOTA_BAZAR/f275_b62.png,?
/Users/shahavi604/Desktop/training_crops_selected/67_MOTA_BAZAR/f2775_b664.png,GJ23CH2802
/Users/shahavi604/Desktop/training_crops_selected/67_MOTA_BAZAR/f2800_b677.png,GJ23CB3562
/Users/shahavi604/Desktop/training_crops_selected/67_MOTA_BAZAR/f2800_b679.png,SKIP
/Users/shahavi604/Desktop/training_crops_selected/67_MOTA_BAZAR/f2825_b680.png,GJ23H5635
/Users/shahavi604/Desktop/training_crops_selected/67_MOTA_BAZAR/f2850_b689.png,SKIP
/Users/shahavi604/Desktop/training_crops_selected/67_MOTA_BAZAR/f2850_b693.png,GJ23CE2049
/Users/shahavi604/Desktop/training_crops_selected/67_MOTA_BAZAR/f2875_b700.png,GJ23CE2049
/Users/shahavi604/Desktop/training_crops_selected/67_MOTA_BAZAR/f2900_b703.png,GJ23CH2802
/Users/shahavi604/Desktop/training_crops_selected/67_MOTA_BAZAR/f2900_b708.png,GJ23CE2049
/Users/shahavi604/Desktop/training_crops_selected/67_MOTA_BAZAR/f2925_b712.png,GJ23CE2049
/Users/shahavi604/Desktop/training_crops_selected/67_MOTA_BAZAR/f2950_b716.png,GJ23CE2049
/Users/shahavi604/Desktop/training_crops_selected/67_MOTA_BAZAR/f2975_b721.png,GJ23CE2049
/Users/shahavi604/Desktop/training_crops_selected/67_MOTA_BAZAR/f3000_b727.png,?
/Users/shahavi604/Desktop/training_crops_selected/67_MOTA_BAZAR/f300_b67.png,?
/Users/shahavi604/Desktop/training_crops_selected/67_MOTA_BAZAR/f3050_b737.png,GJ23CE2049
/Users/shahavi604/Desktop/training_crops_selected/67_MOTA_BAZAR/f3050_b739.png,SKIP
/Users/shahavi604/Desktop/training_crops_selected/67_MOTA_BAZAR/f3075_b745.png,GJ23CE2049
/Users/shahavi604/Desktop/training_crops_selected/67_MOTA_BAZAR/f3100_b748.png,GJ23CH2802
/Users/shahavi604/Desktop/training_crops_selected/67_MOTA_BAZAR/f3100_b752.png,GJ23CE2049
/Users/shahavi604/Desktop/training_crops_selected/67_MOTA_BAZAR/f3125_b759.png,?
/Users/shahavi604/Desktop/training_crops_selected/67_MOTA_BAZAR/f3150_b765.png,GJ23CE2049
/Users/shahavi604/Desktop/training_crops_selected/67_MOTA_BAZAR/f3175_b771.png,GJ23CH2802
/Users/shahavi604/Desktop/training_crops_selected/67_MOTA_BAZAR/f3200_b777.png,GJ23CJ5603
/Users/shahavi604/Desktop/training_crops_selected/67_MOTA_BAZAR/f3200_b783.png,?
/Users/shahavi604/Desktop/training_crops_selected/67_MOTA_BAZAR/f3225_b786.png,GJ23CE2049
/Users/shahavi604/Desktop/training_crops_selected/67_MOTA_BAZAR/f3250_b796.png,GJ23CE2049
/Users/shahavi604/Desktop/training_crops_selected/67_MOTA_BAZAR/f325_b73.png,GJ23CE2049
/Users/shahavi604/Desktop/training_crops_selected/67_MOTA_BAZAR/f3275_b797.png,GJ23CH2802
/Users/shahavi604/Desktop/training_crops_selected/67_MOTA_BAZAR/f3275_b798.png,SKIP
/Users/shahavi604/Desktop/training_crops_selected/67_MOTA_BAZAR/f3300_b804.png,GJ23CH2802
/Users/shahavi604/Desktop/training_crops_selected/67_MOTA_BAZAR/f3325_b812.png,GJ23CE2049
/Users/shahavi604/Desktop/training_crops_selected/67_MOTA_BAZAR/f3350_b815.png,?
/Users/shahavi604/Desktop/training_crops_selected/67_MOTA_BAZAR/f3375_b820.png,GJ23CH2802
/Users/shahavi604/Desktop/training_crops_selected/67_MOTA_BAZAR/f3375_b828.png,GJ23CE2049
/Users/shahavi604/Desktop/training_crops_selected/67_MOTA_BAZAR/f3400_b830.png,SKIP
/Users/shahavi604/Desktop/training_crops_selected/67_MOTA_BAZAR/f3425_b836.png,GJ23CH2802
/Users/shahavi604/Desktop/training_crops_selected/67_MOTA_BAZAR/f3450_b847.png,SKIP
/Users/shahavi604/Desktop/training_crops_selected/67_MOTA_BAZAR/f3475_b850.png,?
/Users/shahavi604/Desktop/training_crops_selected/67_MOTA_BAZAR/f3500_b853.png,GJ01WK2406
/Users/shahavi604/Desktop/training_crops_selected/67_MOTA_BAZAR/f350_b77.png,GJ23CH2802
/Users/shahavi604/Desktop/training_crops_selected/67_MOTA_BAZAR/f350_b80.png,GJ23CE2049
/Users/shahavi604/Desktop/training_crops_selected/67_MOTA_BAZAR/f3525_b859.png,GJ23CH2802
/Users/shahavi604/Desktop/training_crops_selected/67_MOTA_BAZAR/f3525_b861.png,?
/Users/shahavi604/Desktop/training_crops_selected/67_MOTA_BAZAR/f3550_b870.png,GJ23CE2049
/Users/shahavi604/Desktop/training_crops_selected/67_MOTA_BAZAR/f3575_b877.png,GJ23CE2049
/Users/shahavi604/Desktop/training_crops_selected/67_MOTA_BAZAR/f3575_b878.png,?
/Users/shahavi604/Desktop/training_crops_selected/67_MOTA_BAZAR/f3600_b884.png,?
/Users/shahavi604/Desktop/training_crops_selected/67_MOTA_BAZAR/f3625_b893.png,?
/Users/shahavi604/Desktop/training_crops_selected/67_MOTA_BAZAR/f3625_b894.png,GJ23CE2049
/Users/shahavi604/Desktop/training_crops_selected/67_MOTA_BAZAR/f3650_b902.png,GJ23CE2049
/Users/shahavi604/Desktop/training_crops_selected/67_MOTA_BAZAR/f3650_b905.png,GJ23CE2049
/Users/shahavi604/Desktop/training_crops_selected/67_MOTA_BAZAR/f3675_b907.png,SKIP
/Users/shahavi604/Desktop/training_crops_selected/67_MOTA_BAZAR/f3700_b913.png,GJ23CH2802
/Users/shahavi604/Desktop/training_crops_selected/67_MOTA_BAZAR/f3725_b922.png,GJ23BR1330
/Users/shahavi604/Desktop/training_crops_selected/67_MOTA_BAZAR/f3725_b925.png,SKIP
/Users/shahavi604/Desktop/training_crops_selected/67_MOTA_BAZAR/f3750_b932.png,SKIP
/Users/shahavi604/Desktop/training_crops_selected/67_MOTA_BAZAR/f3750_b935.png,?
/Users/shahavi604/Desktop/training_crops_selected/67_MOTA_BAZAR/f375_b86.png,?
/Users/shahavi604/Desktop/training_crops_selected/67_MOTA_BAZAR/f3775_b941.png,SKIP
/Users/shahavi604/Desktop/training_crops_selected/67_MOTA_BAZAR/f3800_b946.png,GJ23CH2802
/Users/shahavi604/Desktop/training_crops_selected/67_MOTA_BAZAR/f3800_b949.png,?
/Users/shahavi604/Desktop/training_crops_selected/67_MOTA_BAZAR/f3825_b954.png,GJ23CH2802
/Users/shahavi604/Desktop/training_crops_selected/67_MOTA_BAZAR/f3850_b962.png,?
/Users/shahavi604/Desktop/training_crops_selected/67_MOTA_BAZAR/f3850_b965.png,GJ23CE2049
/Users/shahavi604/Desktop/training_crops_selected/67_MOTA_BAZAR/f3900_b975.png,?
/Users/shahavi604/Desktop/training_crops_selected/67_MOTA_BAZAR/f3925_b979.png,GJ23CE2049
/Users/shahavi604/Desktop/training_crops_selected/67_MOTA_BAZAR/f3925_b981.png,?
/Users/shahavi604/Desktop/training_crops_selected/67_MOTA_BAZAR/f3950_b987.png,GJ23CE2049
/Users/shahavi604/Desktop/training_crops_selected/67_MOTA_BAZAR/f3975_b991.png,GJ23CH2802
/Users/shahavi604/Desktop/training_crops_selected/67_MOTA_BAZAR/f4000_b1000.png,SKIP
/Users/shahavi604/Desktop/training_crops_selected/67_MOTA_BAZAR/f4000_b999.png,GJ23CE2049
/Users/shahavi604/Desktop/training_crops_selected/67_MOTA_BAZAR/f400_b92.png,?
/Users/shahavi604/Desktop/training_crops_selected/67_MOTA_BAZAR/f4025_b1012.png,?
/Users/shahavi604/Desktop/training_crops_selected/67_MOTA_BAZAR/f4050_b1017.png,?
/Users/shahavi604/Desktop/training_crops_selected/67_MOTA_BAZAR/f4050_b1019.png,?
/Users/shahavi604/Desktop/training_crops_selected/67_MOTA_BAZAR/f4075_b1025.png,?
/Users/shahavi604/Desktop/training_crops_selected/67_MOTA_BAZAR/f4100_b1027.png,GJ23CE2049
/Users/shahavi604/Desktop/training_crops_selected/67_MOTA_BAZAR/f4125_b1035.png,SKIP
/Users/shahavi604/Desktop/training_crops_selected/67_MOTA_BAZAR/f4150_b1042.png,SKIP
/Users/shahavi604/Desktop/training_crops_selected/67_MOTA_BAZAR/f4150_b1046.png,?
/Users/shahavi604/Desktop/training_crops_selected/67_MOTA_BAZAR/f4175_b1051.png,?
/Users/shahavi604/Desktop/training_crops_selected/67_MOTA_BAZAR/f4200_b1056.png,?
/Users/shahavi604/Desktop/training_crops_selected/67_MOTA_BAZAR/f4200_b1058.png,GJ23CE2049
/Users/shahavi604/Desktop/training_crops_selected/67_MOTA_BAZAR/f4225_b1062.png,GJ23CH2802
/Users/shahavi604/Desktop/training_crops_selected/67_MOTA_BAZAR/f4250_b1071.png,GJ23CE2049
/Users/shahavi604/Desktop/training_crops_selected/67_MOTA_BAZAR/f425_b102.png,?
/Users/shahavi604/Desktop/training_crops_selected/67_MOTA_BAZAR/f4275_b1077.png,?
/Users/shahavi604/Desktop/training_crops_selected/67_MOTA_BAZAR/f4300_b1083.png,?
/Users/shahavi604/Desktop/training_crops_selected/67_MOTA_BAZAR/f4325_b1085.png,SKIP
/Users/shahavi604/Desktop/training_crops_selected/67_MOTA_BAZAR/f4350_b1095.png,GJ23CE2049
/Users/shahavi604/Desktop/training_crops_selected/67_MOTA_BAZAR/f4375_b1097.png,GJ23CH2802
/Users/shahavi604/Desktop/training_crops_selected/67_MOTA_BAZAR/f4375_b1101.png,?
/Users/shahavi604/Desktop/training_crops_selected/67_MOTA_BAZAR/f4400_b1105.png,?
/Users/shahavi604/Desktop/training_crops_selected/67_MOTA_BAZAR/f4425_b1112.png,GJ23CE2049
/Users/shahavi604/Desktop/training_crops_selected/67_MOTA_BAZAR/f4450_b1119.png,GJ23CE2049
/Users/shahavi604/Desktop/training_crops_selected/67_MOTA_BAZAR/f4475_b1123.png,GJ23CH2802
/Users/shahavi604/Desktop/training_crops_selected/67_MOTA_BAZAR/f4500_b1128.png,GJ23CH2802
/Users/shahavi604/Desktop/training_crops_selected/67_MOTA_BAZAR/f450_b103.png,GJ23CH2802
/Users/shahavi604/Desktop/training_crops_selected/67_MOTA_BAZAR/f450_b109.png,?
/Users/shahavi604/Desktop/training_crops_selected/67_MOTA_BAZAR/f4525_b1135.png,GJ23CE2049
/Users/shahavi604/Desktop/training_crops_selected/67_MOTA_BAZAR/f4550_b1139.png,SKIP
/Users/shahavi604/Desktop/training_crops_selected/67_MOTA_BAZAR/f4575_b1146.png,GJ23CE2049
/Users/shahavi604/Desktop/training_crops_selected/67_MOTA_BAZAR/f4600_b1148.png,GJ23CH2802
/Users/shahavi604/Desktop/training_crops_selected/67_MOTA_BAZAR/f4625_b1155.png,GJ23CK6999
/Users/shahavi604/Desktop/training_crops_selected/67_MOTA_BAZAR/f4650_b1161.png,SKIP
/Users/shahavi604/Desktop/training_crops_selected/67_MOTA_BAZAR/f4650_b1164.png,GJ23CE2049
/Users/shahavi604/Desktop/training_crops_selected/67_MOTA_BAZAR/f4675_b1167.png,?
/Users/shahavi604/Desktop/training_crops_selected/67_MOTA_BAZAR/f4675_b1171.png,?
/Users/shahavi604/Desktop/training_crops_selected/67_MOTA_BAZAR/f4700_b1175.png,GJ23CH2802
/Users/shahavi604/Desktop/training_crops_selected/67_MOTA_BAZAR/f4725_b1182.png,GJ23AV1058
/Users/shahavi604/Desktop/training_crops_selected/67_MOTA_BAZAR/f4750_b1191.png,GJ23CH2802
/Users/shahavi604/Desktop/training_crops_selected/67_MOTA_BAZAR/f4750_b1196.png,GJ23CE2049
/Users/shahavi604/Desktop/training_crops_selected/67_MOTA_BAZAR/f475_b113.png,GJ23CE2049
/Users/shahavi604/Desktop/training_crops_selected/67_MOTA_BAZAR/f4775_b1199.png,SKIP
/Users/shahavi604/Desktop/training_crops_selected/67_MOTA_BAZAR/f4775_b1201.png,SKIP
/Users/shahavi604/Desktop/training_crops_selected/67_MOTA_BAZAR/f4800_b1212.png,SKIP
/Users/shahavi604/Desktop/training_crops_selected/67_MOTA_BAZAR/f4825_b1215.png,GJ23CH2802
/Users/shahavi604/Desktop/training_crops_selected/67_MOTA_BAZAR/f4825_b1218.png,?
/Users/shahavi604/Desktop/training_crops_selected/67_MOTA_BAZAR/f4850_b1229.png,?
/Users/shahavi604/Desktop/training_crops_selected/67_MOTA_BAZAR/f4850_b1230.png,GJ23CE2049
/Users/shahavi604/Desktop/training_crops_selected/67_MOTA_BAZAR/f4875_b1232.png,SKIP
/Users/shahavi604/Desktop/training_crops_selected/67_MOTA_BAZAR/f4900_b1246.png,?
/Users/shahavi604/Desktop/training_crops_selected/67_MOTA_BAZAR/f4900_b1248.png,?
/Users/shahavi604/Desktop/training_crops_selected/67_MOTA_BAZAR/f4925_b1249.png,GJ23CH2802
/Users/shahavi604/Desktop/training_crops_selected/67_MOTA_BAZAR/f4925_b1252.png,GJ18ED4385
/Users/shahavi604/Desktop/training_crops_selected/67_MOTA_BAZAR/f4950_b1261.png,GJ18ED4385
/Users/shahavi604/Desktop/training_crops_selected/67_MOTA_BAZAR/f4975_b1270.png,SKIP
/Users/shahavi604/Desktop/training_crops_selected/67_MOTA_BAZAR/f4975_b1272.png,GJ23CE2049
/Users/shahavi604/Desktop/training_crops_selected/67_MOTA_BAZAR/f5000_b1278.png,GJ23CE2049
/Users/shahavi604/Desktop/training_crops_selected/67_MOTA_BAZAR/f500_b118.png,GJ23CE2049
/Users/shahavi604/Desktop/training_crops_selected/67_MOTA_BAZAR/f5025_b1281.png,GJ23CH2802
/Users/shahavi604/Desktop/training_crops_selected/67_MOTA_BAZAR/f5050_b1288.png,GJ23CH2802
/Users/shahavi604/Desktop/training_crops_selected/67_MOTA_BAZAR/f5050_b1290.png,?
/Users/shahavi604/Desktop/training_crops_selected/67_MOTA_BAZAR/f5075_b1298.png,?
/Users/shahavi604/Desktop/training_crops_selected/67_MOTA_BAZAR/f5075_b1300.png,GJ23CE2049
/Users/shahavi604/Desktop/training_crops_selected/67_MOTA_BAZAR/f50_b8.png,?
/Users/shahavi604/Desktop/training_crops_selected/67_MOTA_BAZAR/f5100_b1305.png,GJ23CH2802
/Users/shahavi604/Desktop/training_crops_selected/67_MOTA_BAZAR/f5125_b1317.png,GJ23CE2049
/Users/shahavi604/Desktop/training_crops_selected/67_MOTA_BAZAR/f5125_b1319.png,SKIP
/Users/shahavi604/Desktop/training_crops_selected/67_MOTA_BAZAR/f5150_b1323.png,GJ23CE2049
/Users/shahavi604/Desktop/training_crops_selected/67_MOTA_BAZAR/f5175_b1330.png,GJ23CE2049
/Users/shahavi604/Desktop/training_crops_selected/67_MOTA_BAZAR/f5200_b1334.png,SKIP
/Users/shahavi604/Desktop/training_crops_selected/67_MOTA_BAZAR/f5225_b1343.png,GJ23CE2049
/Users/shahavi604/Desktop/training_crops_selected/67_MOTA_BAZAR/f5225_b1344.png,SKIP
/Users/shahavi604/Desktop/training_crops_selected/67_MOTA_BAZAR/f5250_b1348.png,GJ23CA2776
/Users/shahavi604/Desktop/training_crops_selected/67_MOTA_BAZAR/f525_b125.png,GJ23CE2049
/Users/shahavi604/Desktop/training_crops_selected/67_MOTA_BAZAR/f5275_b1354.png,SKIP
/Users/shahavi604/Desktop/training_crops_selected/67_MOTA_BAZAR/f5300_b1360.png,GJ23CA2776
/Users/shahavi604/Desktop/training_crops_selected/67_MOTA_BAZAR/f5300_b1364.png,SKIP
/Users/shahavi604/Desktop/training_crops_selected/67_MOTA_BAZAR/f5325_b1373.png,GJ23CE2049
/Users/shahavi604/Desktop/training_crops_selected/67_MOTA_BAZAR/f5325_b1377.png,GJ23CA2776
/Users/shahavi604/Desktop/training_crops_selected/67_MOTA_BAZAR/f5350_b1380.png,GJ23CE2049
/Users/shahavi604/Desktop/training_crops_selected/67_MOTA_BAZAR/f5375_b1388.png,?
/Users/shahavi604/Desktop/training_crops_selected/67_MOTA_BAZAR/f5375_b1392.png,SKIP
/Users/shahavi604/Desktop/training_crops_selected/67_MOTA_BAZAR/f5400_b1396.png,GJ23OZ8730
/Users/shahavi604/Desktop/training_crops_selected/67_MOTA_BAZAR/f5425_b1406.png,SKIP
/Users/shahavi604/Desktop/training_crops_selected/67_MOTA_BAZAR/f5450_b1408.png,?
/Users/shahavi604/Desktop/training_crops_selected/67_MOTA_BAZAR/f5450_b1410.png,?
/Users/shahavi604/Desktop/training_crops_selected/67_MOTA_BAZAR/f5475_b1421.png,?
/Users/shahavi604/Desktop/training_crops_selected/67_MOTA_BAZAR/f5500_b1423.png,GJ23CA2776
/Users/shahavi604/Desktop/training_crops_selected/67_MOTA_BAZAR/f5500_b1428.png,SKIP
/Users/shahavi604/Desktop/training_crops_selected/67_MOTA_BAZAR/f550_b132.png,GJ23CE2049
/Users/shahavi604/Desktop/training_crops_selected/67_MOTA_BAZAR/f5525_b1431.png,GJ23CA2776
/Users/shahavi604/Desktop/training_crops_selected/67_MOTA_BAZAR/f5550_b1441.png,GJ23CA2776
/Users/shahavi604/Desktop/training_crops_selected/67_MOTA_BAZAR/f5550_b1445.png,SKIP
/Users/shahavi604/Desktop/training_crops_selected/67_MOTA_BAZAR/f5575_b1450.png,?
/Users/shahavi604/Desktop/training_crops_selected/67_MOTA_BAZAR/f5600_b1455.png,?
/Users/shahavi604/Desktop/training_crops_selected/67_MOTA_BAZAR/f5625_b1461.png,GJ23CA2776
/Users/shahavi604/Desktop/training_crops_selected/67_MOTA_BAZAR/f5625_b1466.png,?
/Users/shahavi604/Desktop/training_crops_selected/67_MOTA_BAZAR/f5650_b1473.png,SKIP
/Users/shahavi604/Desktop/training_crops_selected/67_MOTA_BAZAR/f5675_b1479.png,SKIP
/Users/shahavi604/Desktop/training_crops_selected/67_MOTA_BAZAR/f5700_b1480.png,GJ23CG0531
/Users/shahavi604/Desktop/training_crops_selected/67_MOTA_BAZAR/f5700_b1487.png,SKIP
/Users/shahavi604/Desktop/training_crops_selected/67_MOTA_BAZAR/f5725_b1492.png,GJ23CA2776
/Users/shahavi604/Desktop/training_crops_selected/67_MOTA_BAZAR/f5750_b1497.png,GJ23CA2776
/Users/shahavi604/Desktop/training_crops_selected/67_MOTA_BAZAR/f5750_b1498.png,GJ23CH2802
/Users/shahavi604/Desktop/training_crops_selected/67_MOTA_BAZAR/f575_b137.png,GJ23CE2049
/Users/shahavi604/Desktop/training_crops_selected/67_MOTA_BAZAR/f5775_b1502.png,GJ23CH2802
/Users/shahavi604/Desktop/training_crops_selected/67_MOTA_BAZAR/f5800_b1512.png,?
/Users/shahavi604/Desktop/training_crops_selected/67_MOTA_BAZAR/f5825_b1517.png,GJ23CH2802
/Users/shahavi604/Desktop/training_crops_selected/67_MOTA_BAZAR/f5825_b1519.png,SKIP
/Users/shahavi604/Desktop/training_crops_selected/67_MOTA_BAZAR/f5825_b1523.png,?
/Users/shahavi604/Desktop/training_crops_selected/67_MOTA_BAZAR/f5850_b1528.png,GJ23CH2802
/Users/shahavi604/Desktop/training_crops_selected/67_MOTA_BAZAR/f5875_b1535.png,GJ23CA2776
/Users/shahavi604/Desktop/training_crops_selected/67_MOTA_BAZAR/f5900_b1542.png,SKIP
/Users/shahavi604/Desktop/training_crops_selected/67_MOTA_BAZAR/f5925_b1543.png,GJ23CH2802
/Users/shahavi604/Desktop/training_crops_selected/67_MOTA_BAZAR/f5950_b1553.png,SKIP
/Users/shahavi604/Desktop/training_crops_selected/67_MOTA_BAZAR/f5975_b1556.png,GJ23CG2049
/Users/shahavi604/Desktop/training_crops_selected/67_MOTA_BAZAR/f6000_b1561.png,GJ23CH2802
/Users/shahavi604/Desktop/training_crops_selected/67_MOTA_BAZAR/f600_b143.png,?
/Users/shahavi604/Desktop/training_crops_selected/67_MOTA_BAZAR/f6025_b1568.png,GJ23CH2802
/Users/shahavi604/Desktop/training_crops_selected/67_MOTA_BAZAR/f6025_b1570.png,?
/Users/shahavi604/Desktop/training_crops_selected/67_MOTA_BAZAR/f6050_b1576.png,SKIP
/Users/shahavi604/Desktop/training_crops_selected/67_MOTA_BAZAR/f6075_b1580.png,GJ23CH2802
/Users/shahavi604/Desktop/training_crops_selected/67_MOTA_BAZAR/f6100_b1591.png,GJ23CA2776
/Users/shahavi604/Desktop/training_crops_selected/67_MOTA_BAZAR/f6125_b1596.png,SKIP
/Users/shahavi604/Desktop/training_crops_selected/67_MOTA_BAZAR/f6150_b1601.png,GJ23CH2802
/Users/shahavi604/Desktop/training_crops_selected/67_MOTA_BAZAR/f6150_b1604.png,SKIP
/Users/shahavi604/Desktop/training_crops_selected/67_MOTA_BAZAR/f6175_b1605.png,GJ23CA2776
/Users/shahavi604/Desktop/training_crops_selected/67_MOTA_BAZAR/f6200_b1610.png,SKIP
/Users/shahavi604/Desktop/training_crops_selected/67_MOTA_BAZAR/f6225_b1617.png,?
/Users/shahavi604/Desktop/training_crops_selected/67_MOTA_BAZAR/f625_b147.png,GJ23CE2049
/Users/shahavi604/Desktop/training_crops_selected/67_MOTA_BAZAR/f6275_b1624.png,GJ23X1591
/Users/shahavi604/Desktop/training_crops_selected/67_MOTA_BAZAR/f6300_b1630.png,?
/Users/shahavi604/Desktop/training_crops_selected/67_MOTA_BAZAR/f6325_b1639.png,SKIP
/Users/shahavi604/Desktop/training_crops_selected/67_MOTA_BAZAR/f6325_b1643.png,GJ23CH2802
/Users/shahavi604/Desktop/training_crops_selected/67_MOTA_BAZAR/f6350_b1644.png,GJ23CA2776
/Users/shahavi604/Desktop/training_crops_selected/67_MOTA_BAZAR/f6375_b1657.png,GJ23CH2802
/Users/shahavi604/Desktop/training_crops_selected/67_MOTA_BAZAR/f6375_b1658.png,GJ23CA2776
/Users/shahavi604/Desktop/training_crops_selected/67_MOTA_BAZAR/f6400_b1661.png,?
/Users/shahavi604/Desktop/training_crops_selected/67_MOTA_BAZAR/f6425_b1668.png,?
/Users/shahavi604/Desktop/training_crops_selected/67_MOTA_BAZAR/f6450_b1672.png,SKIP
/Users/shahavi604/Desktop/training_crops_selected/67_MOTA_BAZAR/f6475_b1679.png,SKIP
/Users/shahavi604/Desktop/training_crops_selected/67_MOTA_BAZAR/f6500_b1685.png,SKIP
/Users/shahavi604/Desktop/training_crops_selected/67_MOTA_BAZAR/f650_b153.png,GJ23CE2049
/Users/shahavi604/Desktop/training_crops_selected/67_MOTA_BAZAR/f650_b154.png,SKIP
/Users/shahavi604/Desktop/training_crops_selected/67_MOTA_BAZAR/f6525_b1688.png,GJ23CH2802
/Users/shahavi604/Desktop/training_crops_selected/67_MOTA_BAZAR/f6550_b1690.png,SKIP
/Users/shahavi604/Desktop/training_crops_selected/67_MOTA_BAZAR/f6575_b1696.png,?
/Users/shahavi604/Desktop/training_crops_selected/67_MOTA_BAZAR/f6625_b1705.png,SKIP
/Users/shahavi604/Desktop/training_crops_selected/67_MOTA_BAZAR/f6650_b1709.png,SKIP
/Users/shahavi604/Desktop/training_crops_selected/67_MOTA_BAZAR/f6675_b1710.png,GJ23CH2802
/Users/shahavi604/Desktop/training_crops_selected/67_MOTA_BAZAR/f6725_b1720.png,SKIP
/Users/shahavi604/Desktop/training_crops_selected/67_MOTA_BAZAR/f6750_b1723.png,GJ23CH2802
/Users/shahavi604/Desktop/training_crops_selected/67_MOTA_BAZAR/f675_b158.png,?
/Users/shahavi604/Desktop/training_crops_selected/67_MOTA_BAZAR/f6775_b1728.png,GJ23CH2802
/Users/shahavi604/Desktop/training_crops_selected/67_MOTA_BAZAR/f6775_b1731.png,SKIP
/Users/shahavi604/Desktop/training_crops_selected/67_MOTA_BAZAR/f6800_b1735.png,SKIP
/Users/shahavi604/Desktop/training_crops_selected/67_MOTA_BAZAR/f6850_b1745.png,?
/Users/shahavi604/Desktop/training_crops_selected/67_MOTA_BAZAR/f6875_b1751.png,SKIP
/Users/shahavi604/Desktop/training_crops_selected/67_MOTA_BAZAR/f6900_b1753.png,GJ23CG1180
/Users/shahavi604/Desktop/training_crops_selected/67_MOTA_BAZAR/f6925_b1756.png,SKIP
/Users/shahavi604/Desktop/training_crops_selected/67_MOTA_BAZAR/f6975_b1764.png,?
/Users/shahavi604/Desktop/training_crops_selected/67_MOTA_BAZAR/f700_b165.png,?
/Users/shahavi604/Desktop/training_crops_selected/67_MOTA_BAZAR/f7025_b1770.png,GJ23CH2802
/Users/shahavi604/Desktop/training_crops_selected/67_MOTA_BAZAR/f7025_b1774.png,SKIP
/Users/shahavi604/Desktop/training_crops_selected/67_MOTA_BAZAR/f7050_b1776.png,GJ23CH2802
/Users/shahavi604/Desktop/training_crops_selected/67_MOTA_BAZAR/f7075_b1783.png,GJ23BK6463
/Users/shahavi604/Desktop/training_crops_selected/67_MOTA_BAZAR/f7125_b1790.png,?
/Users/shahavi604/Desktop/training_crops_selected/67_MOTA_BAZAR/f7150_b1794.png,GJ23Z7930
/Users/shahavi604/Desktop/training_crops_selected/67_MOTA_BAZAR/f7200_b1800.png,SKIP
/Users/shahavi604/Desktop/training_crops_selected/67_MOTA_BAZAR/f7225_b1804.png,GJ23CH2802
/Users/shahavi604/Desktop/training_crops_selected/67_MOTA_BAZAR/f7250_b1811.png,SKIP
/Users/shahavi604/Desktop/training_crops_selected/67_MOTA_BAZAR/f725_b173.png,GJ23CE2049
/Users/shahavi604/Desktop/training_crops_selected/67_MOTA_BAZAR/f7275_b1814.png,?
/Users/shahavi604/Desktop/training_crops_selected/67_MOTA_BAZAR/f7300_b1823.png,SKIP
/Users/shahavi604/Desktop/training_crops_selected/67_MOTA_BAZAR/f7325_b1827.png,SKIP
/Users/shahavi604/Desktop/training_crops_selected/67_MOTA_BAZAR/f7375_b1833.png,SKIP
/Users/shahavi604/Desktop/training_crops_selected/67_MOTA_BAZAR/f7450_b1837.png,GJ23CH2802
/Users/shahavi604/Desktop/training_crops_selected/67_MOTA_BAZAR/f7475_b1842.png,SKIP
/Users/shahavi604/Desktop/training_crops_selected/67_MOTA_BAZAR/f750_b176.png,?
/Users/shahavi604/Desktop/training_crops_selected/67_MOTA_BAZAR/f7525_b1847.png,SKIP
/Users/shahavi604/Desktop/training_crops_selected/67_MOTA_BAZAR/f7575_b1853.png,?
/Users/shahavi604/Desktop/training_crops_selected/67_MOTA_BAZAR/f75_b11.png,GJ23CE2049
/Users/shahavi604/Desktop/training_crops_selected/67_MOTA_BAZAR/f7600_b1861.png,SKIP
/Users/shahavi604/Desktop/training_crops_selected/67_MOTA_BAZAR/f7625_b1865.png,?
/Users/shahavi604/Desktop/training_crops_selected/67_MOTA_BAZAR/f7650_b1871.png,GJ23CH2802
/Users/shahavi604/Desktop/training_crops_selected/67_MOTA_BAZAR/f7675_b1873.png,?
/Users/shahavi604/Desktop/training_crops_selected/67_MOTA_BAZAR/f7700_b1877.png,SKIP
/Users/shahavi604/Desktop/training_crops_selected/67_MOTA_BAZAR/f7725_b1884.png,SKIP
/Users/shahavi604/Desktop/training_crops_selected/67_MOTA_BAZAR/f7750_b1888.png,SKIP
/Users/shahavi604/Desktop/training_crops_selected/67_MOTA_BAZAR/f775_b183.png,GJ23CE2049
/Users/shahavi604/Desktop/training_crops_selected/67_MOTA_BAZAR/f7775_b1894.png,SKIP
/Users/shahavi604/Desktop/training_crops_selected/67_MOTA_BAZAR/f7825_b1902.png,SKIP
/Users/shahavi604/Desktop/training_crops_selected/67_MOTA_BAZAR/f7850_b1906.png,SKIP
/Users/shahavi604/Desktop/training_crops_selected/67_MOTA_BAZAR/f7875_b1911.png,SKIP
/Users/shahavi604/Desktop/training_crops_selected/67_MOTA_BAZAR/f7900_b1912.png,SKIP
/Users/shahavi604/Desktop/training_crops_selected/67_MOTA_BAZAR/f7950_b1920.png,SKIP
/Users/shahavi604/Desktop/training_crops_selected/67_MOTA_BAZAR/f8000_b1925.png,SKIP
/Users/shahavi604/Desktop/training_crops_selected/67_MOTA_BAZAR/f800_b184.png,GJ23CH2802
/Users/shahavi604/Desktop/training_crops_selected/67_MOTA_BAZAR/f8050_b1929.png,?
/Users/shahavi604/Desktop/training_crops_selected/67_MOTA_BAZAR/f8125_b1936.png,SKIP
/Users/shahavi604/Desktop/training_crops_selected/67_MOTA_BAZAR/f8175_b1942.png,SKIP
/Users/shahavi604/Desktop/training_crops_selected/67_MOTA_BAZAR/f8200_b1946.png,SKIP
/Users/shahavi604/Desktop/training_crops_selected/67_MOTA_BAZAR/f8250_b1953.png,?
/Users/shahavi604/Desktop/training_crops_selected/67_MOTA_BAZAR/f825_b193.png,?
/Users/shahavi604/Desktop/training_crops_selected/67_MOTA_BAZAR/f825_b194.png,?
/Users/shahavi604/Desktop/training_crops_selected/67_MOTA_BAZAR/f8275_b1957.png,SKIP
/Users/shahavi604/Desktop/training_crops_selected/67_MOTA_BAZAR/f8300_b1964.png,SKIP
/Users/shahavi604/Desktop/training_crops_selected/67_MOTA_BAZAR/f8325_b1971.png,?
/Users/shahavi604/Desktop/training_crops_selected/67_MOTA_BAZAR/f8325_b1974.png,SKIP
/Users/shahavi604/Desktop/training_crops_selected/67_MOTA_BAZAR/f8350_b1979.png,SKIP
/Users/shahavi604/Desktop/training_crops_selected/67_MOTA_BAZAR/f8375_b1984.png,?
/Users/shahavi604/Desktop/training_crops_selected/67_MOTA_BAZAR/f8375_b1988.png,?
/Users/shahavi604/Desktop/training_crops_selected/67_MOTA_BAZAR/f8400_b1991.png,GJ23CE6339
/Users/shahavi604/Desktop/training_crops_selected/67_MOTA_BAZAR/f8400_b1995.png,SKIP
/Users/shahavi604/Desktop/training_crops_selected/67_MOTA_BAZAR/f8425_b2000.png,SKIP
/Users/shahavi604/Desktop/training_crops_selected/67_MOTA_BAZAR/f8450_b2005.png,GJ23CE6339
/Users/shahavi604/Desktop/training_crops_selected/67_MOTA_BAZAR/f8475_b2012.png,GJ23CE6339
/Users/shahavi604/Desktop/training_crops_selected/67_MOTA_BAZAR/f8500_b2021.png,SKIP
/Users/shahavi604/Desktop/training_crops_selected/67_MOTA_BAZAR/f850_b198.png,GJ23CH2802
/Users/shahavi604/Desktop/training_crops_selected/67_MOTA_BAZAR/f8525_b2026.png,SKIP
/Users/shahavi604/Desktop/training_crops_selected/67_MOTA_BAZAR/f8550_b2031.png,SKIP
/Users/shahavi604/Desktop/training_crops_selected/67_MOTA_BAZAR/f8575_b2035.png,SKIP
/Users/shahavi604/Desktop/training_crops_selected/67_MOTA_BAZAR/f8600_b2040.png,?
/Users/shahavi604/Desktop/training_crops_selected/67_MOTA_BAZAR/f8625_b2044.png,GJ23CE6339
/Users/shahavi604/Desktop/training_crops_selected/67_MOTA_BAZAR/f8625_b2049.png,?
/Users/shahavi604/Desktop/training_crops_selected/67_MOTA_BAZAR/f8650_b2054.png,?
/Users/shahavi604/Desktop/training_crops_selected/67_MOTA_BAZAR/f8675_b2058.png,GJ23CE6339
/Users/shahavi604/Desktop/training_crops_selected/67_MOTA_BAZAR/f8700_b2068.png,?
/Users/shahavi604/Desktop/training_crops_selected/67_MOTA_BAZAR/f8700_b2070.png,?
/Users/shahavi604/Desktop/training_crops_selected/67_MOTA_BAZAR/f8725_b2073.png,SKIP
/Users/shahavi604/Desktop/training_crops_selected/67_MOTA_BAZAR/f8750_b2084.png,SKIP
/Users/shahavi604/Desktop/training_crops_selected/67_MOTA_BAZAR/f875_b208.png,?
/Users/shahavi604/Desktop/training_crops_selected/67_MOTA_BAZAR/f8775_b2085.png,SKIP
/Users/shahavi604/Desktop/training_crops_selected/67_MOTA_BAZAR/f8800_b2090.png,SKIP
/Users/shahavi604/Desktop/training_crops_selected/67_MOTA_BAZAR/f8825_b2094.png,SKIP
/Users/shahavi604/Desktop/training_crops_selected/67_MOTA_BAZAR/f8850_b2103.png,?
/Users/shahavi604/Desktop/training_crops_selected/67_MOTA_BAZAR/f8875_b2106.png,GJ23CH2802
/Users/shahavi604/Desktop/training_crops_selected/67_MOTA_BAZAR/f8875_b2109.png,?
/Users/shahavi604/Desktop/training_crops_selected/67_MOTA_BAZAR/f8900_b2115.png,SKIP
/Users/shahavi604/Desktop/training_crops_selected/67_MOTA_BAZAR/f8950_b2123.png,SKIP
/Users/shahavi604/Desktop/training_crops_selected/67_MOTA_BAZAR/f8975_b2126.png,SKIP
/Users/shahavi604/Desktop/training_crops_selected/67_MOTA_BAZAR/f9000_b2129.png,GJ23AN1386
/Users/shahavi604/Desktop/training_crops_selected/67_MOTA_BAZAR/f900_b213.png,GJ23CE2049
/Users/shahavi604/Desktop/training_crops_selected/67_MOTA_BAZAR/f9025_b2136.png,SKIP
/Users/shahavi604/Desktop/training_crops_selected/67_MOTA_BAZAR/f9075_b2143.png,SKIP
/Users/shahavi604/Desktop/training_crops_selected/67_MOTA_BAZAR/f9100_b2145.png,GJ23AN1386
/Users/shahavi604/Desktop/training_crops_selected/67_MOTA_BAZAR/f9150_b2153.png,SKIP
/Users/shahavi604/Desktop/training_crops_selected/67_MOTA_BAZAR/f9200_b2159.png,SKIP
/Users/shahavi604/Desktop/training_crops_selected/67_MOTA_BAZAR/f9225_b2167.png,SKIP
/Users/shahavi604/Desktop/training_crops_selected/67_MOTA_BAZAR/f9250_b2172.png,SKIP
/Users/shahavi604/Desktop/training_crops_selected/67_MOTA_BAZAR/f9250_b2175.png,SKIP
/Users/shahavi604/Desktop/training_crops_selected/67_MOTA_BAZAR/f925_b217.png,GJ23CH2802
/Users/shahavi604/Desktop/training_crops_selected/67_MOTA_BAZAR/f925_b218.png,?
/Users/shahavi604/Desktop/training_crops_selected/67_MOTA_BAZAR/f9275_b2179.png,SKIP
/Users/shahavi604/Desktop/training_crops_selected/67_MOTA_BAZAR/f9275_b2183.png,?
/Users/shahavi604/Desktop/training_crops_selected/67_MOTA_BAZAR/f9300_b2187.png,SKIP
/Users/shahavi604/Desktop/training_crops_selected/67_MOTA_BAZAR/f9325_b2195.png,SKIP
/Users/shahavi604/Desktop/training_crops_selected/67_MOTA_BAZAR/f9350_b2199.png,?
/Users/shahavi604/Desktop/training_crops_selected/67_MOTA_BAZAR/f9350_b2201.png,?
/Users/shahavi604/Desktop/training_crops_selected/67_MOTA_BAZAR/f9400_b2212.png,?
/Users/shahavi604/Desktop/training_crops_selected/67_MOTA_BAZAR/f9425_b2215.png,GJ01WR3200
/Users/shahavi604/Desktop/training_crops_selected/67_MOTA_BAZAR/f9450_b2219.png,GJ23AN1386
/Users/shahavi604/Desktop/training_crops_selected/67_MOTA_BAZAR/f9475_b2225.png,GJ23AN1386
/Users/shahavi604/Desktop/training_crops_selected/67_MOTA_BAZAR/f9475_b2229.png,?
/Users/shahavi604/Desktop/training_crops_selected/67_MOTA_BAZAR/f9500_b2234.png,GJ01WR3200
/Users/shahavi604/Desktop/training_crops_selected/67_MOTA_BAZAR/f950_b227.png,?
/Users/shahavi604/Desktop/training_crops_selected/67_MOTA_BAZAR/f9550_b2243.png,GJ23CH2802
/Users/shahavi604/Desktop/training_crops_selected/67_MOTA_BAZAR/f9575_b2249.png,?
/Users/shahavi604/Desktop/training_crops_selected/67_MOTA_BAZAR/f9600_b2250.png,GJ01WR3200
/Users/shahavi604/Desktop/training_crops_selected/67_MOTA_BAZAR/f9625_b2259.png,?
/Users/shahavi604/Desktop/training_crops_selected/67_MOTA_BAZAR/f9650_b2264.png,GJ23U4636
/Users/shahavi604/Desktop/training_crops_selected/67_MOTA_BAZAR/f9675_b2266.png,SKIP
/Users/shahavi604/Desktop/training_crops_selected/67_MOTA_BAZAR/f9700_b2272.png,SKIP
/Users/shahavi604/Desktop/training_crops_selected/67_MOTA_BAZAR/f9700_b2277.png,GJ23U4636
/Users/shahavi604/Desktop/training_crops_selected/67_MOTA_BAZAR/f9725_b2278.png,GJ23CH2802
/Users/shahavi604/Desktop/training_crops_selected/67_MOTA_BAZAR/f9750_b2287.png,SKIP
/Users/shahavi604/Desktop/training_crops_selected/67_MOTA_BAZAR/f975_b231.png,?
/Users/shahavi604/Desktop/training_crops_selected/67_MOTA_BAZAR/f9775_b2290.png,GJ23CH2802
/Users/shahavi604/Desktop/training_crops_selected/67_MOTA_BAZAR/f9800_b2298.png,GJ23CH4009
/Users/shahavi604/Desktop/training_crops_selected/67_MOTA_BAZAR/f9825_b2302.png,GJ23CH2802
/Users/shahavi604/Desktop/training_crops_selected/67_MOTA_BAZAR/f9825_b2306.png,?
/Users/shahavi604/Desktop/training_crops_selected/67_MOTA_BAZAR/f9850_b2313.png,SKIP
/Users/shahavi604/Desktop/training_crops_selected/67_MOTA_BAZAR/f9875_b2318.png,SKIP
/Users/shahavi604/Desktop/training_crops_selected/67_MOTA_BAZAR/f9875_b2322.png,SKIP
/Users/shahavi604/Desktop/training_crops_selected/67_MOTA_BAZAR/f9900_b2328.png,SKIP
/Users/shahavi604/Desktop/training_crops_selected/67_MOTA_BAZAR/f9925_b2331.png,SKIP
/Users/shahavi604/Desktop/training_crops_selected/67_MOTA_BAZAR/f9950_b2340.png,GJ01RP2552
/Users/shahavi604/Desktop/training_crops_selected/67_MOTA_BAZAR/f9975_b2345.png,SKIP
/Users/shahavi604/Desktop/training_crops_selected/67_MOTA_BAZAR/f9975_b2348.png,GJ01RP2552
/Users/shahavi604/Desktop/training_crops_selected/161_APC_CIRCLE/f10000_b375.png,SKIP
/Users/shahavi604/Desktop/training_crops_selected/161_APC_CIRCLE/f1000_b40.png,SKIP
/Users/shahavi604/Desktop/training_crops_selected/161_APC_CIRCLE/f10025_b376.png,GJ23EJ6469
/Users/shahavi604/Desktop/training_crops_selected/161_APC_CIRCLE/f100_b6.png,SKIP
/Users/shahavi604/Desktop/training_crops_selected/161_APC_CIRCLE/f10175_b377.png,SKIP
/Users/shahavi604/Desktop/training_crops_selected/161_APC_CIRCLE/f10200_b378.png,?
/Users/shahavi604/Desktop/training_crops_selected/161_APC_CIRCLE/f10225_b379.png,SKIP
/Users/shahavi604/Desktop/training_crops_selected/161_APC_CIRCLE/f10250_b380.png,SKIP
/Users/shahavi604/Desktop/training_crops_selected/161_APC_CIRCLE/f10275_b381.png,SKIP
/Users/shahavi604/Desktop/training_crops_selected/161_APC_CIRCLE/f10275_b382.png,?
/Users/shahavi604/Desktop/training_crops_selected/161_APC_CIRCLE/f10300_b383.png,SKIP
/Users/shahavi604/Desktop/training_crops_selected/161_APC_CIRCLE/f10300_b384.png,SKIP
/Users/shahavi604/Desktop/training_crops_selected/161_APC_CIRCLE/f10325_b385.png,SKIP
/Users/shahavi604/Desktop/training_crops_selected/161_APC_CIRCLE/f10325_b386.png,SKIP
/Users/shahavi604/Desktop/training_crops_selected/161_APC_CIRCLE/f10350_b387.png,SKIP
/Users/shahavi604/Desktop/training_crops_selected/161_APC_CIRCLE/f10375_b388.png,?
/Users/shahavi604/Desktop/training_crops_selected/161_APC_CIRCLE/f10375_b389.png,SKIP
/Users/shahavi604/Desktop/training_crops_selected/161_APC_CIRCLE/f10400_b390.png,SKIP
/Users/shahavi604/Desktop/training_crops_selected/161_APC_CIRCLE/f10400_b391.png,SKIP
/Users/shahavi604/Desktop/training_crops_selected/161_APC_CIRCLE/f10425_b392.png,SKIP
/Users/shahavi604/Desktop/training_crops_selected/161_APC_CIRCLE/f10450_b393.png,SKIP
/Users/shahavi604/Desktop/training_crops_selected/161_APC_CIRCLE/f10550_b394.png,SKIP
/Users/shahavi604/Desktop/training_crops_selected/161_APC_CIRCLE/f10600_b395.png,?
/Users/shahavi604/Desktop/training_crops_selected/161_APC_CIRCLE/f10625_b396.png,SKIP
/Users/shahavi604/Desktop/training_crops_selected/161_APC_CIRCLE/f10650_b397.png,SKIP
/Users/shahavi604/Desktop/training_crops_selected/161_APC_CIRCLE/f10950_b398.png,SKIP
/Users/shahavi604/Desktop/training_crops_selected/161_APC_CIRCLE/f10975_b399.png,GJ23DL2742
/Users/shahavi604/Desktop/training_crops_selected/161_APC_CIRCLE/f11075_b400.png,?
/Users/shahavi604/Desktop/training_crops_selected/161_APC_CIRCLE/f11075_b401.png,?
/Users/shahavi604/Desktop/training_crops_selected/161_APC_CIRCLE/f11100_b402.png,SKIP
/Users/shahavi604/Desktop/training_crops_selected/161_APC_CIRCLE/f11100_b403.png,GJ06LB2515
/Users/shahavi604/Desktop/training_crops_selected/161_APC_CIRCLE/f11100_b404.png,GJ06LB2515
/Users/shahavi604/Desktop/training_crops_selected/161_APC_CIRCLE/f11125_b405.png,?
/Users/shahavi604/Desktop/training_crops_selected/161_APC_CIRCLE/f11125_b406.png,GJ06LB2515
/Users/shahavi604/Desktop/training_crops_selected/161_APC_CIRCLE/f11150_b407.png,GJ23CA9010
/Users/shahavi604/Desktop/training_crops_selected/161_APC_CIRCLE/f11150_b408.png,GJ06LB2515
/Users/shahavi604/Desktop/training_crops_selected/161_APC_CIRCLE/f11175_b409.png,GJ06LB2515
/Users/shahavi604/Desktop/training_crops_selected/161_APC_CIRCLE/f11175_b410.png,GJ23CA9010
/Users/shahavi604/Desktop/training_crops_selected/161_APC_CIRCLE/f11175_b411.png,GJ23CA9010
/Users/shahavi604/Desktop/training_crops_selected/161_APC_CIRCLE/f11200_b412.png,GJ23CA9010
/Users/shahavi604/Desktop/training_crops_selected/161_APC_CIRCLE/f11200_b413.png,SKIP
/Users/shahavi604/Desktop/training_crops_selected/161_APC_CIRCLE/f11225_b414.png,GJ23CA9010
/Users/shahavi604/Desktop/training_crops_selected/161_APC_CIRCLE/f11225_b415.png,GJ23CA9010
/Users/shahavi604/Desktop/training_crops_selected/161_APC_CIRCLE/f11250_b416.png,SKIP
/Users/shahavi604/Desktop/training_crops_selected/161_APC_CIRCLE/f11300_b417.png,SKIP
/Users/shahavi604/Desktop/training_crops_selected/161_APC_CIRCLE/f11300_b418.png,SKIP
/Users/shahavi604/Desktop/training_crops_selected/161_APC_CIRCLE/f11300_b419.png,SKIP
/Users/shahavi604/Desktop/training_crops_selected/161_APC_CIRCLE/f11325_b420.png,SKIP
/Users/shahavi604/Desktop/training_crops_selected/161_APC_CIRCLE/f11325_b421.png,?
/Users/shahavi604/Desktop/training_crops_selected/161_APC_CIRCLE/f11350_b422.png,?
/Users/shahavi604/Desktop/training_crops_selected/161_APC_CIRCLE/f11350_b423.png,SKIP
/Users/shahavi604/Desktop/training_crops_selected/161_APC_CIRCLE/f11350_b424.png,SKIP
/Users/shahavi604/Desktop/training_crops_selected/161_APC_CIRCLE/f11375_b425.png,?
/Users/shahavi604/Desktop/training_crops_selected/161_APC_CIRCLE/f11375_b426.png,?
/Users/shahavi604/Desktop/training_crops_selected/161_APC_CIRCLE/f11375_b427.png,SKIP
/Users/shahavi604/Desktop/training_crops_selected/161_APC_CIRCLE/f11400_b428.png,?
/Users/shahavi604/Desktop/training_crops_selected/161_APC_CIRCLE/f11400_b429.png,SKIP
/Users/shahavi604/Desktop/training_crops_selected/161_APC_CIRCLE/f11400_b430.png,GJ06RG3679
/Users/shahavi604/Desktop/training_crops_selected/161_APC_CIRCLE/f11425_b431.png,SKIP
/Users/shahavi604/Desktop/training_crops_selected/161_APC_CIRCLE/f11425_b432.png,SKIP
/Users/shahavi604/Desktop/training_crops_selected/161_APC_CIRCLE/f11450_b433.png,SKIP
/Users/shahavi604/Desktop/training_crops_selected/161_APC_CIRCLE/f11450_b434.png,SKIP
/Users/shahavi604/Desktop/training_crops_selected/161_APC_CIRCLE/f11450_b435.png,GJ23CJ2995
/Users/shahavi604/Desktop/training_crops_selected/161_APC_CIRCLE/f11475_b436.png,SKIP
/Users/shahavi604/Desktop/training_crops_selected/161_APC_CIRCLE/f11500_b437.png,SKIP
/Users/shahavi604/Desktop/training_crops_selected/161_APC_CIRCLE/f1150_b41.png,SKIP
/Users/shahavi604/Desktop/training_crops_selected/161_APC_CIRCLE/f1175_b42.png,SKIP
/Users/shahavi604/Desktop/training_crops_selected/161_APC_CIRCLE/f1175_b43.png,SKIP
/Users/shahavi604/Desktop/training_crops_selected/161_APC_CIRCLE/f1175_b44.png,SKIP
/Users/shahavi604/Desktop/training_crops_selected/161_APC_CIRCLE/f11775_b438.png,GJ23AV7524
/Users/shahavi604/Desktop/training_crops_selected/161_APC_CIRCLE/f11775_b439.png,GJ23AV7524
/Users/shahavi604/Desktop/training_crops_selected/161_APC_CIRCLE/f11825_b440.png,GJ23AV7524
/Users/shahavi604/Desktop/training_crops_selected/161_APC_CIRCLE/f11850_b441.png,GJ23AV7524
/Users/shahavi604/Desktop/training_crops_selected/161_APC_CIRCLE/f11850_b442.png,GJ23AV7524
/Users/shahavi604/Desktop/training_crops_selected/161_APC_CIRCLE/f11875_b443.png,GJ23AV7524
/Users/shahavi604/Desktop/training_crops_selected/161_APC_CIRCLE/f11875_b444.png,SKIP
/Users/shahavi604/Desktop/training_crops_selected/161_APC_CIRCLE/f11900_b445.png,SKIP
/Users/shahavi604/Desktop/training_crops_selected/161_APC_CIRCLE/f11925_b446.png,?
/Users/shahavi604/Desktop/training_crops_selected/161_APC_CIRCLE/f11950_b447.png,?
/Users/shahavi604/Desktop/training_crops_selected/161_APC_CIRCLE/f11950_b448.png,SKIP
/Users/shahavi604/Desktop/training_crops_selected/161_APC_CIRCLE/f11975_b449.png,?
/Users/shahavi604/Desktop/training_crops_selected/161_APC_CIRCLE/f11975_b450.png,SKIP
/Users/shahavi604/Desktop/training_crops_selected/161_APC_CIRCLE/f11975_b451.png,SKIP
/Users/shahavi604/Desktop/training_crops_selected/161_APC_CIRCLE/f12000_b452.png,?
/Users/shahavi604/Desktop/training_crops_selected/161_APC_CIRCLE/f1200_b45.png,GJ07DG7210
/Users/shahavi604/Desktop/training_crops_selected/161_APC_CIRCLE/f1200_b46.png,GJ23BD2529
/Users/shahavi604/Desktop/training_crops_selected/161_APC_CIRCLE/f1200_b47.png,SKIP
/Users/shahavi604/Desktop/training_crops_selected/161_APC_CIRCLE/f12025_b453.png,?
/Users/shahavi604/Desktop/training_crops_selected/161_APC_CIRCLE/f12025_b454.png,?
/Users/shahavi604/Desktop/training_crops_selected/161_APC_CIRCLE/f12050_b455.png,?
/Users/shahavi604/Desktop/training_crops_selected/161_APC_CIRCLE/f12100_b456.png,SKIP
/Users/shahavi604/Desktop/training_crops_selected/161_APC_CIRCLE/f12125_b457.png,SKIP
/Users/shahavi604/Desktop/training_crops_selected/161_APC_CIRCLE/f12150_b458.png,SKIP
/Users/shahavi604/Desktop/training_crops_selected/161_APC_CIRCLE/f12175_b459.png,SKIP
/Users/shahavi604/Desktop/training_crops_selected/161_APC_CIRCLE/f12175_b460.png,SKIP
/Users/shahavi604/Desktop/training_crops_selected/161_APC_CIRCLE/f12200_b461.png,SKIP
/Users/shahavi604/Desktop/training_crops_selected/161_APC_CIRCLE/f12225_b462.png,SKIP
/Users/shahavi604/Desktop/training_crops_selected/161_APC_CIRCLE/f12225_b463.png,SKIP
/Users/shahavi604/Desktop/training_crops_selected/161_APC_CIRCLE/f12250_b464.png,SKIP
/Users/shahavi604/Desktop/training_crops_selected/161_APC_CIRCLE/f1225_b48.png,GJ07DG7210
/Users/shahavi604/Desktop/training_crops_selected/161_APC_CIRCLE/f1225_b49.png,GJ23EH9795
/Users/shahavi604/Desktop/training_crops_selected/161_APC_CIRCLE/f1225_b50.png,SKIP
/Users/shahavi604/Desktop/training_crops_selected/161_APC_CIRCLE/f12275_b465.png,SKIP
/Users/shahavi604/Desktop/training_crops_selected/161_APC_CIRCLE/f12275_b466.png,SKIP
/Users/shahavi604/Desktop/training_crops_selected/161_APC_CIRCLE/f12275_b467.png,SKIP
/Users/shahavi604/Desktop/training_crops_selected/161_APC_CIRCLE/f12350_b468.png,SKIP
/Users/shahavi604/Desktop/training_crops_selected/161_APC_CIRCLE/f12375_b469.png,SKIP
/Users/shahavi604/Desktop/training_crops_selected/161_APC_CIRCLE/f12400_b470.png,?
/Users/shahavi604/Desktop/training_crops_selected/161_APC_CIRCLE/f12425_b471.png,GJ09EA0632
/Users/shahavi604/Desktop/training_crops_selected/161_APC_CIRCLE/f12425_b472.png,GJ09EA0632
/Users/shahavi604/Desktop/training_crops_selected/161_APC_CIRCLE/f12500_b473.png,SKIP
/Users/shahavi604/Desktop/training_crops_selected/161_APC_CIRCLE/f12500_b474.png,GJ23CD0452
/Users/shahavi604/Desktop/training_crops_selected/161_APC_CIRCLE/f12500_b475.png,SKIP
/Users/shahavi604/Desktop/training_crops_selected/161_APC_CIRCLE/f1250_b51.png,GJ07DG7210
/Users/shahavi604/Desktop/training_crops_selected/161_APC_CIRCLE/f1250_b52.png,SKIP
/Users/shahavi604/Desktop/training_crops_selected/161_APC_CIRCLE/f12525_b476.png,GJ23D0452
/Users/shahavi604/Desktop/training_crops_selected/161_APC_CIRCLE/f12525_b477.png,SKIP
/Users/shahavi604/Desktop/training_crops_selected/161_APC_CIRCLE/f12525_b478.png,SKIP
/Users/shahavi604/Desktop/training_crops_selected/161_APC_CIRCLE/f12550_b479.png,?
/Users/shahavi604/Desktop/training_crops_selected/161_APC_CIRCLE/f12550_b480.png,GJ23CD0452
/Users/shahavi604/Desktop/training_crops_selected/161_APC_CIRCLE/f12550_b481.png,GJ23AW4936
/Users/shahavi604/Desktop/training_crops_selected/161_APC_CIRCLE/f12575_b482.png,GJ23CD0452
/Users/shahavi604/Desktop/training_crops_selected/161_APC_CIRCLE/f12575_b483.png,SKIP
/Users/shahavi604/Desktop/training_crops_selected/161_APC_CIRCLE/f12600_b484.png,GJ23CD0452
/Users/shahavi604/Desktop/training_crops_selected/161_APC_CIRCLE/f12625_b485.png,GJ23CD0452
/Users/shahavi604/Desktop/training_crops_selected/161_APC_CIRCLE/f12675_b486.png,GJ23CD7052
/Users/shahavi604/Desktop/training_crops_selected/161_APC_CIRCLE/f12700_b487.png,GJ23CD7052
/Users/shahavi604/Desktop/training_crops_selected/161_APC_CIRCLE/f12725_b488.png,GJ23CD7052
/Users/shahavi604/Desktop/training_crops_selected/161_APC_CIRCLE/f12750_b489.png,?
/Users/shahavi604/Desktop/training_crops_selected/161_APC_CIRCLE/f12750_b490.png,GJ23CD7052
/Users/shahavi604/Desktop/training_crops_selected/161_APC_CIRCLE/f12750_b491.png,?
/Users/shahavi604/Desktop/training_crops_selected/161_APC_CIRCLE/f12750_b492.png,GJ23CD7052
/Users/shahavi604/Desktop/training_crops_selected/161_APC_CIRCLE/f1275_b53.png,GJ07DG7210
/Users/shahavi604/Desktop/training_crops_selected/161_APC_CIRCLE/f1275_b54.png,GJ23CE7470
/Users/shahavi604/Desktop/training_crops_selected/161_APC_CIRCLE/f12775_b493.png,GJ23CD7052
/Users/shahavi604/Desktop/training_crops_selected/161_APC_CIRCLE/f12775_b494.png,GJ23CD7052
/Users/shahavi604/Desktop/training_crops_selected/161_APC_CIRCLE/f12775_b495.png,?
/Users/shahavi604/Desktop/training_crops_selected/161_APC_CIRCLE/f12800_b496.png,SKIP
/Users/shahavi604/Desktop/training_crops_selected/161_APC_CIRCLE/f12800_b497.png,GJ23AX1430
/Users/shahavi604/Desktop/training_crops_selected/161_APC_CIRCLE/f12825_b498.png,GJ23AX1410
/Users/shahavi604/Desktop/training_crops_selected/161_APC_CIRCLE/f12825_b499.png,GJ23AX1410
/Users/shahavi604/Desktop/training_crops_selected/161_APC_CIRCLE/f12850_b500.png,GJ23AX1410
/Users/shahavi604/Desktop/training_crops_selected/161_APC_CIRCLE/f12900_b501.png,SKIP
/Users/shahavi604/Desktop/training_crops_selected/161_APC_CIRCLE/f12950_b502.png,SKIP
/Users/shahavi604/Desktop/training_crops_selected/161_APC_CIRCLE/f1300_b55.png,SKIP
/Users/shahavi604/Desktop/training_crops_selected/161_APC_CIRCLE/f1300_b56.png,GJ23CE7470
/Users/shahavi604/Desktop/training_crops_selected/161_APC_CIRCLE/f13050_b503.png,SKIP
/Users/shahavi604/Desktop/training_crops_selected/161_APC_CIRCLE/f1325_b57.png,GJ23CE7470
/Users/shahavi604/Desktop/training_crops_selected/161_APC_CIRCLE/f13375_b504.png,SKIP
/Users/shahavi604/Desktop/training_crops_selected/161_APC_CIRCLE/f13375_b505.png,SKIP
/Users/shahavi604/Desktop/training_crops_selected/161_APC_CIRCLE/f13400_b506.png,SKIP
/Users/shahavi604/Desktop/training_crops_selected/161_APC_CIRCLE/f13400_b507.png,?
/Users/shahavi604/Desktop/training_crops_selected/161_APC_CIRCLE/f13425_b508.png,SKIP
/Users/shahavi604/Desktop/training_crops_selected/161_APC_CIRCLE/f13450_b509.png,SKIP
/Users/shahavi604/Desktop/training_crops_selected/161_APC_CIRCLE/f13450_b510.png,GJ20N4291
/Users/shahavi604/Desktop/training_crops_selected/161_APC_CIRCLE/f13450_b511.png,SKIP
/Users/shahavi604/Desktop/training_crops_selected/161_APC_CIRCLE/f13450_b512.png,SKIP
/Users/shahavi604/Desktop/training_crops_selected/161_APC_CIRCLE/f13475_b513.png,GJ20N4291
/Users/shahavi604/Desktop/training_crops_selected/161_APC_CIRCLE/f13475_b514.png,GJ23AV3515
/Users/shahavi604/Desktop/training_crops_selected/161_APC_CIRCLE/f13475_b515.png,SKIP
/Users/shahavi604/Desktop/training_crops_selected/161_APC_CIRCLE/f13475_b516.png,?
/Users/shahavi604/Desktop/training_crops_selected/161_APC_CIRCLE/f13500_b517.png,GJ23AV3515
/Users/shahavi604/Desktop/training_crops_selected/161_APC_CIRCLE/f13500_b518.png,GJ20N4291
/Users/shahavi604/Desktop/training_crops_selected/161_APC_CIRCLE/f1350_b58.png,GJ23CE7470
/Users/shahavi604/Desktop/training_crops_selected/161_APC_CIRCLE/f13525_b519.png,GJ20N4291
/Users/shahavi604/Desktop/training_crops_selected/161_APC_CIRCLE/f13525_b520.png,SKIP
/Users/shahavi604/Desktop/training_crops_selected/161_APC_CIRCLE/f13550_b521.png,GJ20N4291
/Users/shahavi604/Desktop/training_crops_selected/161_APC_CIRCLE/f13550_b522.png,SKIP
/Users/shahavi604/Desktop/training_crops_selected/161_APC_CIRCLE/f13575_b523.png,GJ20N4291
/Users/shahavi604/Desktop/training_crops_selected/161_APC_CIRCLE/f13600_b524.png,SKIP
/Users/shahavi604/Desktop/training_crops_selected/161_APC_CIRCLE/f13600_b525.png,SKIP
/Users/shahavi604/Desktop/training_crops_selected/161_APC_CIRCLE/f13625_b526.png,SKIP
/Users/shahavi604/Desktop/training_crops_selected/161_APC_CIRCLE/f13650_b527.png,?
/Users/shahavi604/Desktop/training_crops_selected/161_APC_CIRCLE/f13750_b528.png,?
/Users/shahavi604/Desktop/training_crops_selected/161_APC_CIRCLE/f1375_b59.png,SKIP
/Users/shahavi604/Desktop/training_crops_selected/161_APC_CIRCLE/f1375_b60.png,SKIP
/Users/shahavi604/Desktop/training_crops_selected/161_APC_CIRCLE/f13775_b529.png,GJ23CF3579
/Users/shahavi604/Desktop/training_crops_selected/161_APC_CIRCLE/f13775_b530.png,GJ23CF3579
/Users/shahavi604/Desktop/training_crops_selected/161_APC_CIRCLE/f13800_b531.png,GJ23CF3579
/Users/shahavi604/Desktop/training_crops_selected/161_APC_CIRCLE/f13825_b532.png,SKIP
/Users/shahavi604/Desktop/training_crops_selected/161_APC_CIRCLE/f13900_b533.png,GJ01KE3783
/Users/shahavi604/Desktop/training_crops_selected/161_APC_CIRCLE/f13925_b534.png,GJ01KE3783
/Users/shahavi604/Desktop/training_crops_selected/161_APC_CIRCLE/f13925_b535.png,GJ01KE3783
/Users/shahavi604/Desktop/training_crops_selected/161_APC_CIRCLE/f13950_b536.png,GJ01KE3783
/Users/shahavi604/Desktop/training_crops_selected/161_APC_CIRCLE/f13975_b537.png,GJ01KE3783
/Users/shahavi604/Desktop/training_crops_selected/161_APC_CIRCLE/f14000_b538.png,GJ01KE3783
/Users/shahavi604/Desktop/training_crops_selected/161_APC_CIRCLE/f14000_b539.png,GJ10BR6735
/Users/shahavi604/Desktop/training_crops_selected/161_APC_CIRCLE/f1400_b61.png,?
/Users/shahavi604/Desktop/training_crops_selected/161_APC_CIRCLE/f14025_b540.png,GJ10BR6735
/Users/shahavi604/Desktop/training_crops_selected/161_APC_CIRCLE/f14025_b541.png,GJ01KE3783
/Users/shahavi604/Desktop/training_crops_selected/161_APC_CIRCLE/f14050_b542.png,SKIP
/Users/shahavi604/Desktop/training_crops_selected/161_APC_CIRCLE/f14050_b543.png,GJ10BR6735
/Users/shahavi604/Desktop/training_crops_selected/161_APC_CIRCLE/f14075_b544.png,GJ10BR6735
/Users/shahavi604/Desktop/training_crops_selected/161_APC_CIRCLE/f14075_b545.png,SKIP
/Users/shahavi604/Desktop/training_crops_selected/161_APC_CIRCLE/f14075_b546.png,SKIP
/Users/shahavi604/Desktop/training_crops_selected/161_APC_CIRCLE/f14100_b547.png,GJ10BR6735
/Users/shahavi604/Desktop/training_crops_selected/161_APC_CIRCLE/f14100_b548.png,SKIP
/Users/shahavi604/Desktop/training_crops_selected/161_APC_CIRCLE/f14125_b549.png,SKIP
/Users/shahavi604/Desktop/training_crops_selected/161_APC_CIRCLE/f14125_b550.png,?
/Users/shahavi604/Desktop/training_crops_selected/161_APC_CIRCLE/f14150_b551.png,SKIP
/Users/shahavi604/Desktop/training_crops_selected/161_APC_CIRCLE/f14150_b552.png,SKIP
/Users/shahavi604/Desktop/training_crops_selected/161_APC_CIRCLE/f14150_b553.png,?
/Users/shahavi604/Desktop/training_crops_selected/161_APC_CIRCLE/f14175_b554.png,?
/Users/shahavi604/Desktop/training_crops_selected/161_APC_CIRCLE/f14175_b555.png,SKIP
/Users/shahavi604/Desktop/training_crops_selected/161_APC_CIRCLE/f14200_b556.png,?
/Users/shahavi604/Desktop/training_crops_selected/161_APC_CIRCLE/f1425_b62.png,GJ23CH5703
/Users/shahavi604/Desktop/training_crops_selected/161_APC_CIRCLE/f1450_b63.png,SKIP
/Users/shahavi604/Desktop/training_crops_selected/161_APC_CIRCLE/f1450_b64.png,SKIP
/Users/shahavi604/Desktop/training_crops_selected/161_APC_CIRCLE/f14550_b557.png,?
/Users/shahavi604/Desktop/training_crops_selected/161_APC_CIRCLE/f14550_b558.png,SKIP
/Users/shahavi604/Desktop/training_crops_selected/161_APC_CIRCLE/f14575_b559.png,SKIP
/Users/shahavi604/Desktop/training_crops_selected/161_APC_CIRCLE/f14575_b560.png,?
/Users/shahavi604/Desktop/training_crops_selected/161_APC_CIRCLE/f14575_b561.png,GJ23BH3863
/Users/shahavi604/Desktop/training_crops_selected/161_APC_CIRCLE/f14575_b562.png,GJ23BH3863
/Users/shahavi604/Desktop/training_crops_selected/161_APC_CIRCLE/f14600_b563.png,SKIP
/Users/shahavi604/Desktop/training_crops_selected/161_APC_CIRCLE/f14600_b564.png,?
/Users/shahavi604/Desktop/training_crops_selected/161_APC_CIRCLE/f14600_b565.png,GJ23BH3863
/Users/shahavi604/Desktop/training_crops_selected/161_APC_CIRCLE/f14600_b566.png,GJ23AW0002
/Users/shahavi604/Desktop/training_crops_selected/161_APC_CIRCLE/f14625_b567.png,GJ23Y4207
/Users/shahavi604/Desktop/training_crops_selected/161_APC_CIRCLE/f14625_b568.png,SKIP
/Users/shahavi604/Desktop/training_crops_selected/161_APC_CIRCLE/f14650_b569.png,GJ23Y4207
/Users/shahavi604/Desktop/training_crops_selected/161_APC_CIRCLE/f14650_b570.png,SKIP
/Users/shahavi604/Desktop/training_crops_selected/161_APC_CIRCLE/f14650_b571.png,SKIP
/Users/shahavi604/Desktop/training_crops_selected/161_APC_CIRCLE/f14675_b572.png,GJ23AW6902
/Users/shahavi604/Desktop/training_crops_selected/161_APC_CIRCLE/f14675_b573.png,GJ23Y4207
/Users/shahavi604/Desktop/training_crops_selected/161_APC_CIRCLE/f14675_b574.png,SKIP
/Users/shahavi604/Desktop/training_crops_selected/161_APC_CIRCLE/f14700_b575.png,GJ23AW6902
/Users/shahavi604/Desktop/training_crops_selected/161_APC_CIRCLE/f14700_b576.png,GJ23CE2514
/Users/shahavi604/Desktop/training_crops_selected/161_APC_CIRCLE/f14700_b577.png,SKIP
/Users/shahavi604/Desktop/training_crops_selected/161_APC_CIRCLE/f14725_b578.png,GJ23CE2514
/Users/shahavi604/Desktop/training_crops_selected/161_APC_CIRCLE/f14725_b579.png,SKIP
/Users/shahavi604/Desktop/training_crops_selected/161_APC_CIRCLE/f14750_b580.png,GJ23CE2514
/Users/shahavi604/Desktop/training_crops_selected/161_APC_CIRCLE/f1475_b65.png,SKIP
/Users/shahavi604/Desktop/training_crops_selected/161_APC_CIRCLE/f14775_b581.png,GJ23CE2514
/Users/shahavi604/Desktop/training_crops_selected/161_APC_CIRCLE/f14800_b582.png,GJ23CE2514
/Users/shahavi604/Desktop/training_crops_selected/161_APC_CIRCLE/f14800_b583.png,SKIP
/Users/shahavi604/Desktop/training_crops_selected/161_APC_CIRCLE/f14825_b584.png,?
/Users/shahavi604/Desktop/training_crops_selected/161_APC_CIRCLE/f14825_b585.png,SKIP
/Users/shahavi604/Desktop/training_crops_selected/161_APC_CIRCLE/f14825_b586.png,?
/Users/shahavi604/Desktop/training_crops_selected/161_APC_CIRCLE/f14850_b587.png,SKIP
/Users/shahavi604/Desktop/training_crops_selected/161_APC_CIRCLE/f14850_b588.png,SKIP
/Users/shahavi604/Desktop/training_crops_selected/161_APC_CIRCLE/f14850_b589.png,?
/Users/shahavi604/Desktop/training_crops_selected/161_APC_CIRCLE/f14875_b590.png,SKIP
/Users/shahavi604/Desktop/training_crops_selected/161_APC_CIRCLE/f14875_b591.png,?
/Users/shahavi604/Desktop/training_crops_selected/161_APC_CIRCLE/f14925_b592.png,?
/Users/shahavi604/Desktop/training_crops_selected/161_APC_CIRCLE/f14950_b593.png,?
/Users/shahavi604/Desktop/training_crops_selected/161_APC_CIRCLE/f14975_b594.png,?
/Users/shahavi604/Desktop/training_crops_selected/161_APC_CIRCLE/f1500_b66.png,SKIP
/Users/shahavi604/Desktop/training_crops_selected/161_APC_CIRCLE/f1525_b67.png,?
/Users/shahavi604/Desktop/training_crops_selected/161_APC_CIRCLE/f1550_b68.png,?
/Users/shahavi604/Desktop/training_crops_selected/161_APC_CIRCLE/f1550_b69.png,SKIP
/Users/shahavi604/Desktop/training_crops_selected/161_APC_CIRCLE/f1575_b70.png,SKIP
/Users/shahavi604/Desktop/training_crops_selected/161_APC_CIRCLE/f1575_b71.png,?
/Users/shahavi604/Desktop/training_crops_selected/161_APC_CIRCLE/f1600_b72.png,?
/Users/shahavi604/Desktop/training_crops_selected/161_APC_CIRCLE/f1600_b73.png,SKIP
/Users/shahavi604/Desktop/training_crops_selected/161_APC_CIRCLE/f1600_b74.png,?
/Users/shahavi604/Desktop/training_crops_selected/161_APC_CIRCLE/f1600_b75.png,GJ23D3913
/Users/shahavi604/Desktop/training_crops_selected/161_APC_CIRCLE/f1625_b76.png,SKIP
/Users/shahavi604/Desktop/training_crops_selected/161_APC_CIRCLE/f1650_b77.png,?
/Users/shahavi604/Desktop/training_crops_selected/161_APC_CIRCLE/f1675_b78.png,GJ23AU0312
/Users/shahavi604/Desktop/training_crops_selected/161_APC_CIRCLE/f1700_b79.png,GJ23AU0312
/Users/shahavi604/Desktop/training_crops_selected/161_APC_CIRCLE/f1700_b80.png,SKIP
/Users/shahavi604/Desktop/training_crops_selected/161_APC_CIRCLE/f1725_b81.png,SKIP
/Users/shahavi604/Desktop/training_crops_selected/161_APC_CIRCLE/f175_b7.png,SKIP
/Users/shahavi604/Desktop/training_crops_selected/161_APC_CIRCLE/f1775_b82.png,?
/Users/shahavi604/Desktop/training_crops_selected/161_APC_CIRCLE/f1800_b83.png,GJ23BL0169
/Users/shahavi604/Desktop/training_crops_selected/161_APC_CIRCLE/f1800_b84.png,?
/Users/shahavi604/Desktop/training_crops_selected/161_APC_CIRCLE/f1800_b85.png,?
/Users/shahavi604/Desktop/training_crops_selected/161_APC_CIRCLE/f1825_b86.png,GJ23BL0169
/Users/shahavi604/Desktop/training_crops_selected/161_APC_CIRCLE/f1825_b87.png,?
/Users/shahavi604/Desktop/training_crops_selected/161_APC_CIRCLE/f1850_b88.png,SKIP
/Users/shahavi604/Desktop/training_crops_selected/161_APC_CIRCLE/f1850_b89.png,GJ23BL0169
/Users/shahavi604/Desktop/training_crops_selected/161_APC_CIRCLE/f1875_b90.png,GJ18BF0452
/Users/shahavi604/Desktop/training_crops_selected/161_APC_CIRCLE/f1875_b91.png,GJ23BL0169
/Users/shahavi604/Desktop/training_crops_selected/161_APC_CIRCLE/f1900_b92.png,GJ23BL0169
/Users/shahavi604/Desktop/training_crops_selected/161_APC_CIRCLE/f1900_b93.png,SKIP
/Users/shahavi604/Desktop/training_crops_selected/161_APC_CIRCLE/f1900_b94.png,SKIP
/Users/shahavi604/Desktop/training_crops_selected/161_APC_CIRCLE/f1925_b95.png,GJ23BL0169
/Users/shahavi604/Desktop/training_crops_selected/161_APC_CIRCLE/f1950_b96.png,GJ23BL0169
/Users/shahavi604/Desktop/training_crops_selected/161_APC_CIRCLE/f1975_b97.png,GJ23CA6570
/Users/shahavi604/Desktop/training_crops_selected/161_APC_CIRCLE/f1975_b98.png,GJ23BL0169
/Users/shahavi604/Desktop/training_crops_selected/161_APC_CIRCLE/f2000_b100.png,GJ23CA6570
/Users/shahavi604/Desktop/training_crops_selected/161_APC_CIRCLE/f2000_b101.png,SKIP
/Users/shahavi604/Desktop/training_crops_selected/161_APC_CIRCLE/f2000_b102.png,GJ23CA6570
/Users/shahavi604/Desktop/training_crops_selected/161_APC_CIRCLE/f2000_b99.png,SKIP
/Users/shahavi604/Desktop/training_crops_selected/161_APC_CIRCLE/f200_b8.png,GJ23CA9387
/Users/shahavi604/Desktop/training_crops_selected/161_APC_CIRCLE/f2025_b103.png,GJ23CA6570
/Users/shahavi604/Desktop/training_crops_selected/161_APC_CIRCLE/f2050_b104.png,GJ23CA6570
/Users/shahavi604/Desktop/training_crops_selected/161_APC_CIRCLE/f2050_b105.png,?
/Users/shahavi604/Desktop/training_crops_selected/161_APC_CIRCLE/f2050_b106.png,?
/Users/shahavi604/Desktop/training_crops_selected/161_APC_CIRCLE/f2075_b107.png,GJ23CA6570
/Users/shahavi604/Desktop/training_crops_selected/161_APC_CIRCLE/f2100_b108.png,GJ23CA6570
/Users/shahavi604/Desktop/training_crops_selected/161_APC_CIRCLE/f2100_b109.png,?
/Users/shahavi604/Desktop/training_crops_selected/161_APC_CIRCLE/f2125_b110.png,SKIP
/Users/shahavi604/Desktop/training_crops_selected/161_APC_CIRCLE/f2125_b111.png,?
/Users/shahavi604/Desktop/training_crops_selected/161_APC_CIRCLE/f2150_b112.png,?
/Users/shahavi604/Desktop/training_crops_selected/161_APC_CIRCLE/f2150_b113.png,?
/Users/shahavi604/Desktop/training_crops_selected/161_APC_CIRCLE/f2150_b114.png,GJ23Z3617
/Users/shahavi604/Desktop/training_crops_selected/161_APC_CIRCLE/f2175_b115.png,SKIP
/Users/shahavi604/Desktop/training_crops_selected/161_APC_CIRCLE/f2175_b116.png,GJ23Z3617
/Users/shahavi604/Desktop/training_crops_selected/161_APC_CIRCLE/f2200_b117.png,GJ23CF2784
/Users/shahavi604/Desktop/training_crops_selected/161_APC_CIRCLE/f2200_b118.png,GJ23Z3617
/Users/shahavi604/Desktop/training_crops_selected/161_APC_CIRCLE/f2225_b119.png,GJ23CF2784
/Users/shahavi604/Desktop/training_crops_selected/161_APC_CIRCLE/f2250_b120.png,GJ23CF2784
/Users/shahavi604/Desktop/training_crops_selected/161_APC_CIRCLE/f225_b9.png,GJ23CA9387
/Users/shahavi604/Desktop/training_crops_selected/161_APC_CIRCLE/f2275_b121.png,GJ23CF2784
/Users/shahavi604/Desktop/training_crops_selected/161_APC_CIRCLE/f2275_b122.png,?
/Users/shahavi604/Desktop/training_crops_selected/161_APC_CIRCLE/f2300_b123.png,GJ23CF2784
/Users/shahavi604/Desktop/training_crops_selected/161_APC_CIRCLE/f2300_b124.png,GJ23AF4875
/Users/shahavi604/Desktop/training_crops_selected/161_APC_CIRCLE/f2325_b125.png,GJ23AF4875
/Users/shahavi604/Desktop/training_crops_selected/161_APC_CIRCLE/f2325_b126.png,SKIP
/Users/shahavi604/Desktop/training_crops_selected/161_APC_CIRCLE/f2325_b127.png,SKIP
/Users/shahavi604/Desktop/training_crops_selected/161_APC_CIRCLE/f2350_b128.png,GJ23AF4875
/Users/shahavi604/Desktop/training_crops_selected/161_APC_CIRCLE/f2375_b129.png,GJ23AF4875
/Users/shahavi604/Desktop/training_crops_selected/161_APC_CIRCLE/f2400_b130.png,SKIP
/Users/shahavi604/Desktop/training_crops_selected/161_APC_CIRCLE/f2400_b131.png,SKIP
/Users/shahavi604/Desktop/training_crops_selected/161_APC_CIRCLE/f2400_b132.png,SKIP
/Users/shahavi604/Desktop/training_crops_selected/161_APC_CIRCLE/f2425_b133.png,SKIP
/Users/shahavi604/Desktop/training_crops_selected/161_APC_CIRCLE/f2425_b134.png,SKIP
/Users/shahavi604/Desktop/training_crops_selected/161_APC_CIRCLE/f2450_b135.png,SKIP
/Users/shahavi604/Desktop/training_crops_selected/161_APC_CIRCLE/f2475_b136.png,SKIP
/Users/shahavi604/Desktop/training_crops_selected/161_APC_CIRCLE/f2475_b137.png,GJ23CE6200
/Users/shahavi604/Desktop/training_crops_selected/161_APC_CIRCLE/f2500_b138.png,GJ23CE6200
/Users/shahavi604/Desktop/training_crops_selected/161_APC_CIRCLE/f250_b10.png,GJ23CA9387
/Users/shahavi604/Desktop/training_crops_selected/161_APC_CIRCLE/f2525_b139.png,GJ23CE6200
/Users/shahavi604/Desktop/training_crops_selected/161_APC_CIRCLE/f2525_b140.png,?
/Users/shahavi604/Desktop/training_crops_selected/161_APC_CIRCLE/f2550_b141.png,GJ23CE6200
/Users/shahavi604/Desktop/training_crops_selected/161_APC_CIRCLE/f2575_b142.png,GJ23CE6200
/Users/shahavi604/Desktop/training_crops_selected/161_APC_CIRCLE/f2575_b143.png,?
/Users/shahavi604/Desktop/training_crops_selected/161_APC_CIRCLE/f25_b0.png,GJ23CF4396
/Users/shahavi604/Desktop/training_crops_selected/161_APC_CIRCLE/f25_b1.png,SKIP
/Users/shahavi604/Desktop/training_crops_selected/161_APC_CIRCLE/f2600_b144.png,SKIP
/Users/shahavi604/Desktop/training_crops_selected/161_APC_CIRCLE/f2600_b145.png,?
/Users/shahavi604/Desktop/training_crops_selected/161_APC_CIRCLE/f2625_b146.png,SKIP
/Users/shahavi604/Desktop/training_crops_selected/161_APC_CIRCLE/f2625_b147.png,?
/Users/shahavi604/Desktop/training_crops_selected/161_APC_CIRCLE/f2650_b148.png,?
/Users/shahavi604/Desktop/training_crops_selected/161_APC_CIRCLE/f2650_b149.png,?
/Users/shahavi604/Desktop/training_crops_selected/161_APC_CIRCLE/f2650_b150.png,SKIP
/Users/shahavi604/Desktop/training_crops_selected/161_APC_CIRCLE/f2675_b151.png,?
/Users/shahavi604/Desktop/training_crops_selected/161_APC_CIRCLE/f2675_b152.png,SKIP
/Users/shahavi604/Desktop/training_crops_selected/161_APC_CIRCLE/f2675_b153.png,SKIP
/Users/shahavi604/Desktop/training_crops_selected/161_APC_CIRCLE/f2700_b154.png,?
/Users/shahavi604/Desktop/training_crops_selected/161_APC_CIRCLE/f2700_b155.png,SKIP
/Users/shahavi604/Desktop/training_crops_selected/161_APC_CIRCLE/f2700_b156.png,GJ01ZC0429
/Users/shahavi604/Desktop/training_crops_selected/161_APC_CIRCLE/f275_b11.png,SKIP
/Users/shahavi604/Desktop/training_crops_selected/161_APC_CIRCLE/f2775_b157.png,SKIP
/Users/shahavi604/Desktop/training_crops_selected/161_APC_CIRCLE/f2975_b158.png,?
/Users/shahavi604/Desktop/training_crops_selected/161_APC_CIRCLE/f300_b12.png,GJ23BN1573
/Users/shahavi604/Desktop/training_crops_selected/161_APC_CIRCLE/f325_b13.png,?
/Users/shahavi604/Desktop/training_crops_selected/161_APC_CIRCLE/f3475_b159.png,GJ07DE4937
/Users/shahavi604/Desktop/training_crops_selected/161_APC_CIRCLE/f3500_b160.png,GJ07DE4937
/Users/shahavi604/Desktop/training_crops_selected/161_APC_CIRCLE/f350_b14.png,SKIP
/Users/shahavi604/Desktop/training_crops_selected/161_APC_CIRCLE/f350_b15.png,GJ27EH0825
/Users/shahavi604/Desktop/training_crops_selected/161_APC_CIRCLE/f3525_b161.png,GJ07DE4937
/Users/shahavi604/Desktop/training_crops_selected/161_APC_CIRCLE/f3525_b162.png,GJ23CK7815
/Users/shahavi604/Desktop/training_crops_selected/161_APC_CIRCLE/f3550_b163.png,?
/Users/shahavi604/Desktop/training_crops_selected/161_APC_CIRCLE/f3550_b164.png,GJ07DE4937
/Users/shahavi604/Desktop/training_crops_selected/161_APC_CIRCLE/f3550_b165.png,?
/Users/shahavi604/Desktop/training_crops_selected/161_APC_CIRCLE/f3575_b166.png,?
/Users/shahavi604/Desktop/training_crops_selected/161_APC_CIRCLE/f3575_b167.png,GJ07DE4937
/Users/shahavi604/Desktop/training_crops_selected/161_APC_CIRCLE/f3600_b168.png,?
/Users/shahavi604/Desktop/training_crops_selected/161_APC_CIRCLE/f3600_b169.png,SKIP
/Users/shahavi604/Desktop/training_crops_selected/161_APC_CIRCLE/f3600_b170.png,SKIP
/Users/shahavi604/Desktop/training_crops_selected/161_APC_CIRCLE/f3625_b171.png,GJ23CJ8127
/Users/shahavi604/Desktop/training_crops_selected/161_APC_CIRCLE/f3650_b172.png,SKIP
/Users/shahavi604/Desktop/training_crops_selected/161_APC_CIRCLE/f3725_b173.png,GJ23BA7534
/Users/shahavi604/Desktop/training_crops_selected/161_APC_CIRCLE/f3725_b174.png,GJ23BA7534
/Users/shahavi604/Desktop/training_crops_selected/161_APC_CIRCLE/f375_b16.png,SKIP
/Users/shahavi604/Desktop/training_crops_selected/161_APC_CIRCLE/f3925_b175.png,?
/Users/shahavi604/Desktop/training_crops_selected/161_APC_CIRCLE/f3950_b176.png,?
/Users/shahavi604/Desktop/training_crops_selected/161_APC_CIRCLE/f3975_b177.png,?
/Users/shahavi604/Desktop/training_crops_selected/161_APC_CIRCLE/f4000_b178.png,?
/Users/shahavi604/Desktop/training_crops_selected/161_APC_CIRCLE/f400_b17.png,SKIP
/Users/shahavi604/Desktop/training_crops_selected/161_APC_CIRCLE/f400_b18.png,GJ27EH0825
/Users/shahavi604/Desktop/training_crops_selected/161_APC_CIRCLE/f4025_b179.png,?
/Users/shahavi604/Desktop/training_crops_selected/161_APC_CIRCLE/f4050_b180.png,GJ23OS8043
/Users/shahavi604/Desktop/training_crops_selected/161_APC_CIRCLE/f4175_b181.png,SKIP
/Users/shahavi604/Desktop/training_crops_selected/161_APC_CIRCLE/f4200_b182.png,MH12MW9177
/Users/shahavi604/Desktop/training_crops_selected/161_APC_CIRCLE/f4225_b183.png,MH12MW9177
/Users/shahavi604/Desktop/training_crops_selected/161_APC_CIRCLE/f4250_b184.png,MH12MW9177
/Users/shahavi604/Desktop/training_crops_selected/161_APC_CIRCLE/f4250_b185.png,MH12MW9177
/Users/shahavi604/Desktop/training_crops_selected/161_APC_CIRCLE/f425_b19.png,?
/Users/shahavi604/Desktop/training_crops_selected/161_APC_CIRCLE/f425_b20.png,GJ27EH0825
/Users/shahavi604/Desktop/training_crops_selected/161_APC_CIRCLE/f425_b21.png,SKIP
/Users/shahavi604/Desktop/training_crops_selected/161_APC_CIRCLE/f4275_b186.png,MH12MW9177
/Users/shahavi604/Desktop/training_crops_selected/161_APC_CIRCLE/f4300_b187.png,MH12MW9177
/Users/shahavi604/Desktop/training_crops_selected/161_APC_CIRCLE/f4300_b188.png,?
/Users/shahavi604/Desktop/training_crops_selected/161_APC_CIRCLE/f4325_b189.png,MH12MW9177
/Users/shahavi604/Desktop/training_crops_selected/161_APC_CIRCLE/f4350_b190.png,SKIP
/Users/shahavi604/Desktop/training_crops_selected/161_APC_CIRCLE/f450_b22.png,GJ27EH0825
/Users/shahavi604/Desktop/training_crops_selected/161_APC_CIRCLE/f450_b23.png,SKIP
/Users/shahavi604/Desktop/training_crops_selected/161_APC_CIRCLE/f450_b24.png,?
/Users/shahavi604/Desktop/training_crops_selected/161_APC_CIRCLE/f4725_b191.png,SKIP
/Users/shahavi604/Desktop/training_crops_selected/161_APC_CIRCLE/f4750_b192.png,?
/Users/shahavi604/Desktop/training_crops_selected/161_APC_CIRCLE/f475_b25.png,?
/Users/shahavi604/Desktop/training_crops_selected/161_APC_CIRCLE/f475_b26.png,SKIP
/Users/shahavi604/Desktop/training_crops_selected/161_APC_CIRCLE/f475_b27.png,GJ23AW4581
/Users/shahavi604/Desktop/training_crops_selected/161_APC_CIRCLE/f475_b28.png,SKIP
/Users/shahavi604/Desktop/training_crops_selected/161_APC_CIRCLE/f4775_b193.png,GJ27FG2865
/Users/shahavi604/Desktop/training_crops_selected/161_APC_CIRCLE/f4825_b194.png,GJ23CF8271
/Users/shahavi604/Desktop/training_crops_selected/161_APC_CIRCLE/f4850_b195.png,GJ23CF8271
/Users/shahavi604/Desktop/training_crops_selected/161_APC_CIRCLE/f4875_b196.png,GJ23CF8271
/Users/shahavi604/Desktop/training_crops_selected/161_APC_CIRCLE/f4900_b197.png,GJ23CF8271
/Users/shahavi604/Desktop/training_crops_selected/161_APC_CIRCLE/f4925_b198.png,SKIP
/Users/shahavi604/Desktop/training_crops_selected/161_APC_CIRCLE/f4975_b199.png,SKIP
/Users/shahavi604/Desktop/training_crops_selected/161_APC_CIRCLE/f5000_b200.png,?
/Users/shahavi604/Desktop/training_crops_selected/161_APC_CIRCLE/f5000_b201.png,?
/Users/shahavi604/Desktop/training_crops_selected/161_APC_CIRCLE/f500_b29.png,?
/Users/shahavi604/Desktop/training_crops_selected/161_APC_CIRCLE/f500_b30.png,SKIP
/Users/shahavi604/Desktop/training_crops_selected/161_APC_CIRCLE/f500_b31.png,?
/Users/shahavi604/Desktop/training_crops_selected/161_APC_CIRCLE/f5025_b202.png,GJ38AE7933
/Users/shahavi604/Desktop/training_crops_selected/161_APC_CIRCLE/f5050_b203.png,SKIP
/Users/shahavi604/Desktop/training_crops_selected/161_APC_CIRCLE/f5075_b204.png,GJ09H2528
/Users/shahavi604/Desktop/training_crops_selected/161_APC_CIRCLE/f5075_b205.png,GJ09H2528
/Users/shahavi604/Desktop/training_crops_selected/161_APC_CIRCLE/f50_b2.png,GJ23CF4396
/Users/shahavi604/Desktop/training_crops_selected/161_APC_CIRCLE/f50_b3.png,SKIP
/Users/shahavi604/Desktop/training_crops_selected/161_APC_CIRCLE/f5100_b206.png,GJ09H2528
/Users/shahavi604/Desktop/training_crops_selected/161_APC_CIRCLE/f5125_b207.png,?
/Users/shahavi604/Desktop/training_crops_selected/161_APC_CIRCLE/f5150_b208.png,GJ09H2528
/Users/shahavi604/Desktop/training_crops_selected/161_APC_CIRCLE/f5150_b209.png,GJ38BE5050
/Users/shahavi604/Desktop/training_crops_selected/161_APC_CIRCLE/f5175_b210.png,SKIP
/Users/shahavi604/Desktop/training_crops_selected/161_APC_CIRCLE/f5400_b211.png,SKIP
/Users/shahavi604/Desktop/training_crops_selected/161_APC_CIRCLE/f5425_b212.png,SKIP
/Users/shahavi604/Desktop/training_crops_selected/161_APC_CIRCLE/f5525_b213.png,SKIP
/Users/shahavi604/Desktop/training_crops_selected/161_APC_CIRCLE/f5525_b214.png,SKIP
/Users/shahavi604/Desktop/training_crops_selected/161_APC_CIRCLE/f5550_b215.png,SKIP
/Users/shahavi604/Desktop/training_crops_selected/161_APC_CIRCLE/f5575_b216.png,SKIP
/Users/shahavi604/Desktop/training_crops_selected/161_APC_CIRCLE/f5600_b217.png,SKIP
/Users/shahavi604/Desktop/training_crops_selected/161_APC_CIRCLE/f5600_b218.png,SKIP
/Users/shahavi604/Desktop/training_crops_selected/161_APC_CIRCLE/f5625_b219.png,?
/Users/shahavi604/Desktop/training_crops_selected/161_APC_CIRCLE/f5650_b220.png,GJ27BE2845
/Users/shahavi604/Desktop/training_crops_selected/161_APC_CIRCLE/f5675_b221.png,SKIP
/Users/shahavi604/Desktop/training_crops_selected/161_APC_CIRCLE/f5675_b222.png,SKIP
/Users/shahavi604/Desktop/training_crops_selected/161_APC_CIRCLE/f5700_b223.png,SKIP
/Users/shahavi604/Desktop/training_crops_selected/161_APC_CIRCLE/f5775_b224.png,SKIP
/Users/shahavi604/Desktop/training_crops_selected/161_APC_CIRCLE/f5800_b225.png,SKIP
/Users/shahavi604/Desktop/training_crops_selected/161_APC_CIRCLE/f5825_b226.png,SKIP
/Users/shahavi604/Desktop/training_crops_selected/161_APC_CIRCLE/f5975_b227.png,GJ23CF6661
/Users/shahavi604/Desktop/training_crops_selected/161_APC_CIRCLE/f5975_b228.png,GJ23CF6661
/Users/shahavi604/Desktop/training_crops_selected/161_APC_CIRCLE/f6000_b229.png,GJ23CF6661
/Users/shahavi604/Desktop/training_crops_selected/161_APC_CIRCLE/f6025_b230.png,GJ23CF6661
/Users/shahavi604/Desktop/training_crops_selected/161_APC_CIRCLE/f6050_b231.png,GJ23CF6661
/Users/shahavi604/Desktop/training_crops_selected/161_APC_CIRCLE/f6075_b232.png,GJ23CF6661
/Users/shahavi604/Desktop/training_crops_selected/161_APC_CIRCLE/f6100_b233.png,GJ23CF6661
/Users/shahavi604/Desktop/training_crops_selected/161_APC_CIRCLE/f6100_b234.png,?
/Users/shahavi604/Desktop/training_crops_selected/161_APC_CIRCLE/f6100_b235.png,?
/Users/shahavi604/Desktop/training_crops_selected/161_APC_CIRCLE/f6125_b236.png,GJ23CF6661
/Users/shahavi604/Desktop/training_crops_selected/161_APC_CIRCLE/f6125_b237.png,GJ23CK0025
/Users/shahavi604/Desktop/training_crops_selected/161_APC_CIRCLE/f6150_b238.png,GJ23CK0025
/Users/shahavi604/Desktop/training_crops_selected/161_APC_CIRCLE/f6150_b239.png,SKIP
/Users/shahavi604/Desktop/training_crops_selected/161_APC_CIRCLE/f6175_b240.png,GJ23CK0025
/Users/shahavi604/Desktop/training_crops_selected/161_APC_CIRCLE/f6175_b241.png,SKIP
/Users/shahavi604/Desktop/training_crops_selected/161_APC_CIRCLE/f6175_b242.png,SKIP
/Users/shahavi604/Desktop/training_crops_selected/161_APC_CIRCLE/f6200_b243.png,?
/Users/shahavi604/Desktop/training_crops_selected/161_APC_CIRCLE/f6200_b244.png,GJ23CK0025
/Users/shahavi604/Desktop/training_crops_selected/161_APC_CIRCLE/f6225_b245.png,GJ23CK0025
/Users/shahavi604/Desktop/training_crops_selected/161_APC_CIRCLE/f6225_b246.png,SKIP
/Users/shahavi604/Desktop/training_crops_selected/161_APC_CIRCLE/f6250_b247.png,SKIP
/Users/shahavi604/Desktop/training_crops_selected/161_APC_CIRCLE/f6250_b248.png,SKIP
/Users/shahavi604/Desktop/training_crops_selected/161_APC_CIRCLE/f6250_b249.png,SKIP
/Users/shahavi604/Desktop/training_crops_selected/161_APC_CIRCLE/f6275_b250.png,?
/Users/shahavi604/Desktop/training_crops_selected/161_APC_CIRCLE/f6300_b251.png,GJ23CK0351
/Users/shahavi604/Desktop/training_crops_selected/161_APC_CIRCLE/f6325_b252.png,GJ23CK0351
/Users/shahavi604/Desktop/training_crops_selected/161_APC_CIRCLE/f6325_b253.png,SKIP
/Users/shahavi604/Desktop/training_crops_selected/161_APC_CIRCLE/f6350_b254.png,GJ23CK0351
/Users/shahavi604/Desktop/training_crops_selected/161_APC_CIRCLE/f6375_b255.png,GJ23CK0351
/Users/shahavi604/Desktop/training_crops_selected/161_APC_CIRCLE/f6400_b256.png,GJ23CK0351
/Users/shahavi604/Desktop/training_crops_selected/161_APC_CIRCLE/f6425_b257.png,SKIP
/Users/shahavi604/Desktop/training_crops_selected/161_APC_CIRCLE/f6450_b258.png,SKIP
/Users/shahavi604/Desktop/training_crops_selected/161_APC_CIRCLE/f6500_b259.png,?
/Users/shahavi604/Desktop/training_crops_selected/161_APC_CIRCLE/f6525_b260.png,?
/Users/shahavi604/Desktop/training_crops_selected/161_APC_CIRCLE/f6550_b261.png,?
/Users/shahavi604/Desktop/training_crops_selected/161_APC_CIRCLE/f6550_b262.png,SKIP
/Users/shahavi604/Desktop/training_crops_selected/161_APC_CIRCLE/f6575_b263.png,SKIP
/Users/shahavi604/Desktop/training_crops_selected/161_APC_CIRCLE/f6575_b264.png,?
/Users/shahavi604/Desktop/training_crops_selected/161_APC_CIRCLE/f6575_b265.png,SKIP
/Users/shahavi604/Desktop/training_crops_selected/161_APC_CIRCLE/f6600_b266.png,?
/Users/shahavi604/Desktop/training_crops_selected/161_APC_CIRCLE/f6600_b267.png,SKIP
/Users/shahavi604/Desktop/training_crops_selected/161_APC_CIRCLE/f6600_b268.png,GJ07DD1324
/Users/shahavi604/Desktop/training_crops_selected/161_APC_CIRCLE/f6600_b269.png,SKIP
/Users/shahavi604/Desktop/training_crops_selected/161_APC_CIRCLE/f6625_b270.png,DD01C0293
/Users/shahavi604/Desktop/training_crops_selected/161_APC_CIRCLE/f6625_b271.png,GJ07DD1324
/Users/shahavi604/Desktop/training_crops_selected/161_APC_CIRCLE/f6650_b272.png,SKIP
/Users/shahavi604/Desktop/training_crops_selected/161_APC_CIRCLE/f6650_b273.png,GJ07DD1324
/Users/shahavi604/Desktop/training_crops_selected/161_APC_CIRCLE/f6675_b274.png,SKIP
/Users/shahavi604/Desktop/training_crops_selected/161_APC_CIRCLE/f6675_b275.png,GJ07DD1324
/Users/shahavi604/Desktop/training_crops_selected/161_APC_CIRCLE/f6700_b276.png,SKIP
/Users/shahavi604/Desktop/training_crops_selected/161_APC_CIRCLE/f6725_b277.png,GJ07DD1324
/Users/shahavi604/Desktop/training_crops_selected/161_APC_CIRCLE/f6750_b278.png,GJ07DD1324
/Users/shahavi604/Desktop/training_crops_selected/161_APC_CIRCLE/f6775_b279.png,SKIP
/Users/shahavi604/Desktop/training_crops_selected/161_APC_CIRCLE/f6775_b280.png,GJ07AT2931
/Users/shahavi604/Desktop/training_crops_selected/161_APC_CIRCLE/f6775_b281.png,SKIP
/Users/shahavi604/Desktop/training_crops_selected/161_APC_CIRCLE/f6800_b282.png,SKIP
/Users/shahavi604/Desktop/training_crops_selected/161_APC_CIRCLE/f6825_b283.png,GJ07AT2931
/Users/shahavi604/Desktop/training_crops_selected/161_APC_CIRCLE/f6850_b284.png,GJ07AT2931
/Users/shahavi604/Desktop/training_crops_selected/161_APC_CIRCLE/f6875_b285.png,SKIP
/Users/shahavi604/Desktop/training_crops_selected/161_APC_CIRCLE/f6875_b286.png,SKIP
/Users/shahavi604/Desktop/training_crops_selected/161_APC_CIRCLE/f6975_b287.png,GJ24W6028
/Users/shahavi604/Desktop/training_crops_selected/161_APC_CIRCLE/f6975_b288.png,GJ24W6028
/Users/shahavi604/Desktop/training_crops_selected/161_APC_CIRCLE/f7000_b289.png,SKIP
/Users/shahavi604/Desktop/training_crops_selected/161_APC_CIRCLE/f7000_b290.png,SKIP
/Users/shahavi604/Desktop/training_crops_selected/161_APC_CIRCLE/f7025_b291.png,SKIP
/Users/shahavi604/Desktop/training_crops_selected/161_APC_CIRCLE/f7025_b292.png,GJ24W6028
/Users/shahavi604/Desktop/training_crops_selected/161_APC_CIRCLE/f7025_b293.png,GJ24W6028
/Users/shahavi604/Desktop/training_crops_selected/161_APC_CIRCLE/f7050_b294.png,GJ27TB7147
/Users/shahavi604/Desktop/training_crops_selected/161_APC_CIRCLE/f7050_b295.png,SKIP
/Users/shahavi604/Desktop/training_crops_selected/161_APC_CIRCLE/f7075_b296.png,SKIP
/Users/shahavi604/Desktop/training_crops_selected/161_APC_CIRCLE/f7100_b297.png,SKIP
/Users/shahavi604/Desktop/training_crops_selected/161_APC_CIRCLE/f7125_b298.png,SKIP
/Users/shahavi604/Desktop/training_crops_selected/161_APC_CIRCLE/f7150_b299.png,?
/Users/shahavi604/Desktop/training_crops_selected/161_APC_CIRCLE/f7150_b300.png,SKIP
/Users/shahavi604/Desktop/training_crops_selected/161_APC_CIRCLE/f7175_b301.png,SKIP
/Users/shahavi604/Desktop/training_crops_selected/161_APC_CIRCLE/f7250_b302.png,SKIP
/Users/shahavi604/Desktop/training_crops_selected/161_APC_CIRCLE/f7275_b303.png,SKIP
/Users/shahavi604/Desktop/training_crops_selected/161_APC_CIRCLE/f7300_b304.png,?
/Users/shahavi604/Desktop/training_crops_selected/161_APC_CIRCLE/f7300_b305.png,GJ23AV6163
/Users/shahavi604/Desktop/training_crops_selected/161_APC_CIRCLE/f7325_b306.png,?
/Users/shahavi604/Desktop/training_crops_selected/161_APC_CIRCLE/f7325_b307.png,GJ23AV6163
/Users/shahavi604/Desktop/training_crops_selected/161_APC_CIRCLE/f7350_b308.png,SKIP
/Users/shahavi604/Desktop/training_crops_selected/161_APC_CIRCLE/f7350_b309.png,SKIP
/Users/shahavi604/Desktop/training_crops_selected/161_APC_CIRCLE/f7375_b310.png,SKIP
/Users/shahavi604/Desktop/training_crops_selected/161_APC_CIRCLE/f7375_b311.png,SKIP
/Users/shahavi604/Desktop/training_crops_selected/161_APC_CIRCLE/f7400_b312.png,SKIP
/Users/shahavi604/Desktop/training_crops_selected/161_APC_CIRCLE/f7400_b313.png,SKIP
/Users/shahavi604/Desktop/training_crops_selected/161_APC_CIRCLE/f7425_b314.png,?
/Users/shahavi604/Desktop/training_crops_selected/161_APC_CIRCLE/f7450_b315.png,SKIP
/Users/shahavi604/Desktop/training_crops_selected/161_APC_CIRCLE/f75_b4.png,SKIP
/Users/shahavi604/Desktop/training_crops_selected/161_APC_CIRCLE/f75_b5.png,GJ27DB0906
/Users/shahavi604/Desktop/training_crops_selected/161_APC_CIRCLE/f7775_b316.png,SKIP
/Users/shahavi604/Desktop/training_crops_selected/161_APC_CIRCLE/f7800_b317.png,SKIP
/Users/shahavi604/Desktop/training_crops_selected/161_APC_CIRCLE/f7825_b318.png,GJ07FB8139
/Users/shahavi604/Desktop/training_crops_selected/161_APC_CIRCLE/f825_b32.png,GJ23CB9051
/Users/shahavi604/Desktop/training_crops_selected/161_APC_CIRCLE/f850_b33.png,GJ23CB9051
/Users/shahavi604/Desktop/training_crops_selected/161_APC_CIRCLE/f8575_b319.png,?
/Users/shahavi604/Desktop/training_crops_selected/161_APC_CIRCLE/f8575_b320.png,?
/Users/shahavi604/Desktop/training_crops_selected/161_APC_CIRCLE/f8600_b321.png,?
/Users/shahavi604/Desktop/training_crops_selected/161_APC_CIRCLE/f8625_b322.png,?
/Users/shahavi604/Desktop/training_crops_selected/161_APC_CIRCLE/f8625_b323.png,?
/Users/shahavi604/Desktop/training_crops_selected/161_APC_CIRCLE/f8650_b324.png,?
/Users/shahavi604/Desktop/training_crops_selected/161_APC_CIRCLE/f8675_b325.png,?
/Users/shahavi604/Desktop/training_crops_selected/161_APC_CIRCLE/f8675_b326.png,?
/Users/shahavi604/Desktop/training_crops_selected/161_APC_CIRCLE/f8700_b327.png,SKIP
/Users/shahavi604/Desktop/training_crops_selected/161_APC_CIRCLE/f8700_b328.png,SKIP
/Users/shahavi604/Desktop/training_crops_selected/161_APC_CIRCLE/f8700_b329.png,SKIP
/Users/shahavi604/Desktop/training_crops_selected/161_APC_CIRCLE/f8725_b330.png,SKIP
/Users/shahavi604/Desktop/training_crops_selected/161_APC_CIRCLE/f8725_b331.png,?
/Users/shahavi604/Desktop/training_crops_selected/161_APC_CIRCLE/f8725_b332.png,SKIP
/Users/shahavi604/Desktop/training_crops_selected/161_APC_CIRCLE/f8750_b333.png,GJ23AV5336
/Users/shahavi604/Desktop/training_crops_selected/161_APC_CIRCLE/f8750_b334.png,GJ23AV5336
/Users/shahavi604/Desktop/training_crops_selected/161_APC_CIRCLE/f8750_b335.png,GJ23AV5336
/Users/shahavi604/Desktop/training_crops_selected/161_APC_CIRCLE/f875_b34.png,GJ23CB9051
/Users/shahavi604/Desktop/training_crops_selected/161_APC_CIRCLE/f8775_b336.png,SKIP
/Users/shahavi604/Desktop/training_crops_selected/161_APC_CIRCLE/f8775_b337.png,GJ23AV5336
/Users/shahavi604/Desktop/training_crops_selected/161_APC_CIRCLE/f8800_b338.png,SKIP
/Users/shahavi604/Desktop/training_crops_selected/161_APC_CIRCLE/f8825_b339.png,SKIP
/Users/shahavi604/Desktop/training_crops_selected/161_APC_CIRCLE/f9000_b340.png,SKIP
/Users/shahavi604/Desktop/training_crops_selected/161_APC_CIRCLE/f900_b35.png,GJ23CB9051
/Users/shahavi604/Desktop/training_crops_selected/161_APC_CIRCLE/f9050_b341.png,?
/Users/shahavi604/Desktop/training_crops_selected/161_APC_CIRCLE/f9125_b342.png,?
/Users/shahavi604/Desktop/training_crops_selected/161_APC_CIRCLE/f9250_b343.png,GJ23AN8091
/Users/shahavi604/Desktop/training_crops_selected/161_APC_CIRCLE/f925_b36.png,GJ23CB9051
/Users/shahavi604/Desktop/training_crops_selected/161_APC_CIRCLE/f9300_b344.png,SKIP
/Users/shahavi604/Desktop/training_crops_selected/161_APC_CIRCLE/f9325_b345.png,SKIP
/Users/shahavi604/Desktop/training_crops_selected/161_APC_CIRCLE/f9350_b346.png,SKIP
/Users/shahavi604/Desktop/training_crops_selected/161_APC_CIRCLE/f9375_b347.png,SKIP
/Users/shahavi604/Desktop/training_crops_selected/161_APC_CIRCLE/f9375_b348.png,SKIP
/Users/shahavi604/Desktop/training_crops_selected/161_APC_CIRCLE/f9400_b349.png,SKIP
/Users/shahavi604/Desktop/training_crops_selected/161_APC_CIRCLE/f9400_b350.png,SKIP
/Users/shahavi604/Desktop/training_crops_selected/161_APC_CIRCLE/f9425_b351.png,SKIP
/Users/shahavi604/Desktop/training_crops_selected/161_APC_CIRCLE/f9425_b352.png,SKIP
/Users/shahavi604/Desktop/training_crops_selected/161_APC_CIRCLE/f950_b37.png,GJ23CB9051
/Users/shahavi604/Desktop/training_crops_selected/161_APC_CIRCLE/f950_b38.png,SKIP
/Users/shahavi604/Desktop/training_crops_selected/161_APC_CIRCLE/f9625_b353.png,?
/Users/shahavi604/Desktop/training_crops_selected/161_APC_CIRCLE/f9625_b354.png,?
/Users/shahavi604/Desktop/training_crops_selected/161_APC_CIRCLE/f9650_b355.png,?
/Users/shahavi604/Desktop/training_crops_selected/161_APC_CIRCLE/f9750_b356.png,?
/Users/shahavi604/Desktop/training_crops_selected/161_APC_CIRCLE/f975_b39.png,GJ23CB9051
/Users/shahavi604/Desktop/training_crops_selected/161_APC_CIRCLE/f9775_b357.png,GJ23BA1802
/Users/shahavi604/Desktop/training_crops_selected/161_APC_CIRCLE/f9775_b358.png,?
/Users/shahavi604/Desktop/training_crops_selected/161_APC_CIRCLE/f9800_b359.png,GJ23BA1802
/Users/shahavi604/Desktop/training_crops_selected/161_APC_CIRCLE/f9800_b360.png,?
/Users/shahavi604/Desktop/training_crops_selected/161_APC_CIRCLE/f9825_b361.png,GJ23BA1802
/Users/shahavi604/Desktop/training_crops_selected/161_APC_CIRCLE/f9825_b362.png,?
/Users/shahavi604/Desktop/training_crops_selected/161_APC_CIRCLE/f9850_b363.png,GJ23BA1802
/Users/shahavi604/Desktop/training_crops_selected/161_APC_CIRCLE/f9850_b364.png,GJ23Y9620
/Users/shahavi604/Desktop/training_crops_selected/161_APC_CIRCLE/f9850_b365.png,?
/Users/shahavi604/Desktop/training_crops_selected/161_APC_CIRCLE/f9850_b366.png,GJ23Y9620
/Users/shahavi604/Desktop/training_crops_selected/161_APC_CIRCLE/f9875_b367.png,?
/Users/shahavi604/Desktop/training_crops_selected/161_APC_CIRCLE/f9875_b368.png,GJ23Y9620
/Users/shahavi604/Desktop/training_crops_selected/161_APC_CIRCLE/f9900_b369.png,?
/Users/shahavi604/Desktop/training_crops_selected/161_APC_CIRCLE/f9900_b370.png,GJ23Y9620
/Users/shahavi604/Desktop/training_crops_selected/161_APC_CIRCLE/f9925_b371.png,GJ23Y9620
/Users/shahavi604/Desktop/training_crops_selected/161_APC_CIRCLE/f9925_b372.png,GJ23Y9620
/Users/shahavi604/Desktop/training_crops_selected/161_APC_CIRCLE/f9950_b373.png,GJ23Y9620
/Users/shahavi604/Desktop/training_crops_selected/161_APC_CIRCLE/f9975_b374.png,GJ23Y9620
/Users/shahavi604/Desktop/training_crops_selected/180_SAMARKHA_CHOKDI/f10000_b493.png,SKIP
/Users/shahavi604/Desktop/training_crops_selected/180_SAMARKHA_CHOKDI/f10025_b494.png,SKIP
/Users/shahavi604/Desktop/training_crops_selected/180_SAMARKHA_CHOKDI/f10025_b495.png,SKIP
/Users/shahavi604/Desktop/training_crops_selected/180_SAMARKHA_CHOKDI/f10050_b496.png,GJ18AH9028
/Users/shahavi604/Desktop/training_crops_selected/180_SAMARKHA_CHOKDI/f10050_b497.png,?
/Users/shahavi604/Desktop/training_crops_selected/180_SAMARKHA_CHOKDI/f10050_b498.png,SKIP
/Users/shahavi604/Desktop/training_crops_selected/180_SAMARKHA_CHOKDI/f10050_b499.png,SKIP
/Users/shahavi604/Desktop/training_crops_selected/180_SAMARKHA_CHOKDI/f10075_b500.png,SKIP
/Users/shahavi604/Desktop/training_crops_selected/180_SAMARKHA_CHOKDI/f100_b6.png,?
/Users/shahavi604/Desktop/training_crops_selected/180_SAMARKHA_CHOKDI/f100_b7.png,SKIP
/Users/shahavi604/Desktop/training_crops_selected/180_SAMARKHA_CHOKDI/f100_b8.png,?
/Users/shahavi604/Desktop/training_crops_selected/180_SAMARKHA_CHOKDI/f10125_b501.png,SKIP
/Users/shahavi604/Desktop/training_crops_selected/180_SAMARKHA_CHOKDI/f10125_b502.png,SKIP
/Users/shahavi604/Desktop/training_crops_selected/180_SAMARKHA_CHOKDI/f10125_b503.png,?
/Users/shahavi604/Desktop/training_crops_selected/180_SAMARKHA_CHOKDI/f10150_b505.png,GJ18EG3464
/Users/shahavi604/Desktop/training_crops_selected/180_SAMARKHA_CHOKDI/f10175_b506.png,SKIP
/Users/shahavi604/Desktop/training_crops_selected/180_SAMARKHA_CHOKDI/f10175_b507.png,SKIP
/Users/shahavi604/Desktop/training_crops_selected/180_SAMARKHA_CHOKDI/f10200_b508.png,SKIP
/Users/shahavi604/Desktop/training_crops_selected/180_SAMARKHA_CHOKDI/f10200_b509.png,?
/Users/shahavi604/Desktop/training_crops_selected/180_SAMARKHA_CHOKDI/f10200_b510.png,SKIP
/Users/shahavi604/Desktop/training_crops_selected/180_SAMARKHA_CHOKDI/f10200_b511.png,SKIP
/Users/shahavi604/Desktop/training_crops_selected/180_SAMARKHA_CHOKDI/f10225_b512.png,SKIP
/Users/shahavi604/Desktop/training_crops_selected/180_SAMARKHA_CHOKDI/f10250_b513.png,SKIP
/Users/shahavi604/Desktop/training_crops_selected/180_SAMARKHA_CHOKDI/f10250_b514.png,SKIP
/Users/shahavi604/Desktop/training_crops_selected/180_SAMARKHA_CHOKDI/f10250_b515.png,?
/Users/shahavi604/Desktop/training_crops_selected/180_SAMARKHA_CHOKDI/f10250_b516.png,?
/Users/shahavi604/Desktop/training_crops_selected/180_SAMARKHA_CHOKDI/f10275_b517.png,?
/Users/shahavi604/Desktop/training_crops_selected/180_SAMARKHA_CHOKDI/f10300_b519.png,SKIP
/Users/shahavi604/Desktop/training_crops_selected/180_SAMARKHA_CHOKDI/f10325_b520.png,SKIP
/Users/shahavi604/Desktop/training_crops_selected/180_SAMARKHA_CHOKDI/f10325_b521.png,?
/Users/shahavi604/Desktop/training_crops_selected/180_SAMARKHA_CHOKDI/f10350_b522.png,SKIP
/Users/shahavi604/Desktop/training_crops_selected/180_SAMARKHA_CHOKDI/f10375_b523.png,SKIP
/Users/shahavi604/Desktop/training_crops_selected/180_SAMARKHA_CHOKDI/f10400_b524.png,SKIP
/Users/shahavi604/Desktop/training_crops_selected/180_SAMARKHA_CHOKDI/f10425_b525.png,SKIP
/Users/shahavi604/Desktop/training_crops_selected/180_SAMARKHA_CHOKDI/f10450_b526.png,SKIP
/Users/shahavi604/Desktop/training_crops_selected/180_SAMARKHA_CHOKDI/f10475_b527.png,?
/Users/shahavi604/Desktop/training_crops_selected/180_SAMARKHA_CHOKDI/f10500_b528.png,?
/Users/shahavi604/Desktop/training_crops_selected/180_SAMARKHA_CHOKDI/f10500_b529.png,SKIP
/Users/shahavi604/Desktop/training_crops_selected/180_SAMARKHA_CHOKDI/f10500_b530.png,SKIP
/Users/shahavi604/Desktop/training_crops_selected/180_SAMARKHA_CHOKDI/f10575_b532.png,GJ23H9167
/Users/shahavi604/Desktop/training_crops_selected/180_SAMARKHA_CHOKDI/f10575_b533.png,SKIP
/Users/shahavi604/Desktop/training_crops_selected/180_SAMARKHA_CHOKDI/f10600_b534.png,?
/Users/shahavi604/Desktop/training_crops_selected/180_SAMARKHA_CHOKDI/f10600_b535.png,SKIP
/Users/shahavi604/Desktop/training_crops_selected/180_SAMARKHA_CHOKDI/f10600_b536.png,SKIP
/Users/shahavi604/Desktop/training_crops_selected/180_SAMARKHA_CHOKDI/f10600_b537.png,SKIP
/Users/shahavi604/Desktop/training_crops_selected/180_SAMARKHA_CHOKDI/f10625_b538.png,SKIP
/Users/shahavi604/Desktop/training_crops_selected/180_SAMARKHA_CHOKDI/f10625_b539.png,SKIP
/Users/shahavi604/Desktop/training_crops_selected/180_SAMARKHA_CHOKDI/f10625_b540.png,SKIP
/Users/shahavi604/Desktop/training_crops_selected/180_SAMARKHA_CHOKDI/f10650_b541.png,SKIP
/Users/shahavi604/Desktop/training_crops_selected/180_SAMARKHA_CHOKDI/f10650_b542.png,SKIP
/Users/shahavi604/Desktop/training_crops_selected/180_SAMARKHA_CHOKDI/f10675_b543.png,?
/Users/shahavi604/Desktop/training_crops_selected/180_SAMARKHA_CHOKDI/f10675_b544.png,SKIP
/Users/shahavi604/Desktop/training_crops_selected/180_SAMARKHA_CHOKDI/f10675_b545.png,SKIP
/Users/shahavi604/Desktop/training_crops_selected/180_SAMARKHA_CHOKDI/f10725_b547.png,?
/Users/shahavi604/Desktop/training_crops_selected/180_SAMARKHA_CHOKDI/f10725_b548.png,?
/Users/shahavi604/Desktop/training_crops_selected/180_SAMARKHA_CHOKDI/f10750_b549.png,GJ19AF9092
/Users/shahavi604/Desktop/training_crops_selected/180_SAMARKHA_CHOKDI/f10750_b550.png,SKIP
/Users/shahavi604/Desktop/training_crops_selected/180_SAMARKHA_CHOKDI/f10775_b551.png,SKIP
/Users/shahavi604/Desktop/training_crops_selected/180_SAMARKHA_CHOKDI/f10775_b552.png,SKIP
/Users/shahavi604/Desktop/training_crops_selected/180_SAMARKHA_CHOKDI/f10800_b553.png,?
/Users/shahavi604/Desktop/training_crops_selected/180_SAMARKHA_CHOKDI/f10800_b554.png,SKIP
/Users/shahavi604/Desktop/training_crops_selected/180_SAMARKHA_CHOKDI/f10825_b555.png,SKIP
/Users/shahavi604/Desktop/training_crops_selected/180_SAMARKHA_CHOKDI/f10825_b556.png,SKIP
/Users/shahavi604/Desktop/training_crops_selected/180_SAMARKHA_CHOKDI/f10825_b558.png,?
/Users/shahavi604/Desktop/training_crops_selected/180_SAMARKHA_CHOKDI/f10850_b559.png,?
/Users/shahavi604/Desktop/training_crops_selected/180_SAMARKHA_CHOKDI/f10850_b560.png,SKIP
/Users/shahavi604/Desktop/training_crops_selected/180_SAMARKHA_CHOKDI/f10850_b561.png,SKIP
/Users/shahavi604/Desktop/training_crops_selected/180_SAMARKHA_CHOKDI/f10850_b562.png,?
/Users/shahavi604/Desktop/training_crops_selected/180_SAMARKHA_CHOKDI/f10875_b563.png,SKIP
/Users/shahavi604/Desktop/training_crops_selected/180_SAMARKHA_CHOKDI/f10875_b564.png,SKIP
/Users/shahavi604/Desktop/training_crops_selected/180_SAMARKHA_CHOKDI/f10875_b565.png,SKIP
/Users/shahavi604/Desktop/training_crops_selected/180_SAMARKHA_CHOKDI/f10875_b566.png,GJ07BR7438
/Users/shahavi604/Desktop/training_crops_selected/180_SAMARKHA_CHOKDI/f10900_b567.png,SKIP
/Users/shahavi604/Desktop/training_crops_selected/180_SAMARKHA_CHOKDI/f10900_b568.png,SKIP
/Users/shahavi604/Desktop/training_crops_selected/180_SAMARKHA_CHOKDI/f10925_b569.png,SKIP
/Users/shahavi604/Desktop/training_crops_selected/180_SAMARKHA_CHOKDI/f10950_b570.png,SKIP
/Users/shahavi604/Desktop/training_crops_selected/180_SAMARKHA_CHOKDI/f10975_b572.png,SKIP
/Users/shahavi604/Desktop/training_crops_selected/180_SAMARKHA_CHOKDI/f11050_b573.png,?
/Users/shahavi604/Desktop/training_crops_selected/180_SAMARKHA_CHOKDI/f11050_b574.png,?
/Users/shahavi604/Desktop/training_crops_selected/180_SAMARKHA_CHOKDI/f11125_b575.png,SKIP
/Users/shahavi604/Desktop/training_crops_selected/180_SAMARKHA_CHOKDI/f11150_b576.png,SKIP
/Users/shahavi604/Desktop/training_crops_selected/180_SAMARKHA_CHOKDI/f11150_b577.png,SKIP
/Users/shahavi604/Desktop/training_crops_selected/180_SAMARKHA_CHOKDI/f11175_b578.png,GJ18ZT0553
/Users/shahavi604/Desktop/training_crops_selected/180_SAMARKHA_CHOKDI/f11200_b579.png,?
/Users/shahavi604/Desktop/training_crops_selected/180_SAMARKHA_CHOKDI/f11200_b580.png,?
/Users/shahavi604/Desktop/training_crops_selected/180_SAMARKHA_CHOKDI/f11225_b581.png,?
/Users/shahavi604/Desktop/training_crops_selected/180_SAMARKHA_CHOKDI/f11225_b582.png,SKIP
/Users/shahavi604/Desktop/training_crops_selected/180_SAMARKHA_CHOKDI/f1125_b46.png,?
/Users/shahavi604/Desktop/training_crops_selected/180_SAMARKHA_CHOKDI/f1125_b47.png,?
/Users/shahavi604/Desktop/training_crops_selected/180_SAMARKHA_CHOKDI/f11300_b583.png,?
/Users/shahavi604/Desktop/training_crops_selected/180_SAMARKHA_CHOKDI/f11350_b584.png,GJ07DJ5398
/Users/shahavi604/Desktop/training_crops_selected/180_SAMARKHA_CHOKDI/f11375_b586.png,GJ07DJ5398
/Users/shahavi604/Desktop/training_crops_selected/180_SAMARKHA_CHOKDI/f11375_b587.png,SKIP
/Users/shahavi604/Desktop/training_crops_selected/180_SAMARKHA_CHOKDI/f11375_b588.png,?
/Users/shahavi604/Desktop/training_crops_selected/180_SAMARKHA_CHOKDI/f11400_b589.png,GJ18BO5224
/Users/shahavi604/Desktop/training_crops_selected/180_SAMARKHA_CHOKDI/f11400_b590.png,?
/Users/shahavi604/Desktop/training_crops_selected/180_SAMARKHA_CHOKDI/f11400_b591.png,?
/Users/shahavi604/Desktop/training_crops_selected/180_SAMARKHA_CHOKDI/f11425_b592.png,SKIP
/Users/shahavi604/Desktop/training_crops_selected/180_SAMARKHA_CHOKDI/f11425_b593.png,SKIP
/Users/shahavi604/Desktop/training_crops_selected/180_SAMARKHA_CHOKDI/f11475_b594.png,?
/Users/shahavi604/Desktop/training_crops_selected/180_SAMARKHA_CHOKDI/f11500_b595.png,?
/Users/shahavi604/Desktop/training_crops_selected/180_SAMARKHA_CHOKDI/f11500_b596.png,SKIP
/Users/shahavi604/Desktop/training_crops_selected/180_SAMARKHA_CHOKDI/f11525_b598.png,?
/Users/shahavi604/Desktop/training_crops_selected/180_SAMARKHA_CHOKDI/f11600_b599.png,?
/Users/shahavi604/Desktop/training_crops_selected/180_SAMARKHA_CHOKDI/f11625_b600.png,SKIP
/Users/shahavi604/Desktop/training_crops_selected/180_SAMARKHA_CHOKDI/f11625_b601.png,SKIP
/Users/shahavi604/Desktop/training_crops_selected/180_SAMARKHA_CHOKDI/f11700_b602.png,?
/Users/shahavi604/Desktop/training_crops_selected/180_SAMARKHA_CHOKDI/f1175_b48.png,GJ06PL7006
/Users/shahavi604/Desktop/training_crops_selected/180_SAMARKHA_CHOKDI/f11800_b603.png,?
/Users/shahavi604/Desktop/training_crops_selected/180_SAMARKHA_CHOKDI/f11800_b604.png,SKIP
/Users/shahavi604/Desktop/training_crops_selected/180_SAMARKHA_CHOKDI/f11850_b605.png,?
/Users/shahavi604/Desktop/training_crops_selected/180_SAMARKHA_CHOKDI/f11900_b606.png,?
/Users/shahavi604/Desktop/training_crops_selected/180_SAMARKHA_CHOKDI/f11900_b607.png,?
/Users/shahavi604/Desktop/training_crops_selected/180_SAMARKHA_CHOKDI/f11925_b608.png,GJ23CJ8022
/Users/shahavi604/Desktop/training_crops_selected/180_SAMARKHA_CHOKDI/f11925_b610.png,GJ07TU4743
/Users/shahavi604/Desktop/training_crops_selected/180_SAMARKHA_CHOKDI/f11925_b611.png,SKIP
/Users/shahavi604/Desktop/training_crops_selected/180_SAMARKHA_CHOKDI/f11950_b612.png,SKIP
/Users/shahavi604/Desktop/training_crops_selected/180_SAMARKHA_CHOKDI/f11950_b613.png,?
/Users/shahavi604/Desktop/training_crops_selected/180_SAMARKHA_CHOKDI/f1200_b49.png,SKIP
/Users/shahavi604/Desktop/training_crops_selected/180_SAMARKHA_CHOKDI/f12075_b614.png,SKIP
/Users/shahavi604/Desktop/training_crops_selected/180_SAMARKHA_CHOKDI/f12150_b615.png,?
/Users/shahavi604/Desktop/training_crops_selected/180_SAMARKHA_CHOKDI/f12225_b616.png,SKIP
/Users/shahavi604/Desktop/training_crops_selected/180_SAMARKHA_CHOKDI/f12225_b617.png,SKIP
/Users/shahavi604/Desktop/training_crops_selected/180_SAMARKHA_CHOKDI/f12250_b618.png,SKIP
/Users/shahavi604/Desktop/training_crops_selected/180_SAMARKHA_CHOKDI/f12275_b619.png,SKIP
/Users/shahavi604/Desktop/training_crops_selected/180_SAMARKHA_CHOKDI/f12300_b620.png,SKIP
/Users/shahavi604/Desktop/training_crops_selected/180_SAMARKHA_CHOKDI/f12325_b621.png,?
/Users/shahavi604/Desktop/training_crops_selected/180_SAMARKHA_CHOKDI/f12325_b622.png,SKIP
/Users/shahavi604/Desktop/training_crops_selected/180_SAMARKHA_CHOKDI/f12350_b623.png,SKIP
/Users/shahavi604/Desktop/training_crops_selected/180_SAMARKHA_CHOKDI/f12350_b625.png,SKIP
/Users/shahavi604/Desktop/training_crops_selected/180_SAMARKHA_CHOKDI/f12350_b626.png,?
/Users/shahavi604/Desktop/training_crops_selected/180_SAMARKHA_CHOKDI/f12350_b627.png,SKIP
/Users/shahavi604/Desktop/training_crops_selected/180_SAMARKHA_CHOKDI/f12375_b628.png,SKIP
/Users/shahavi604/Desktop/training_crops_selected/180_SAMARKHA_CHOKDI/f12375_b629.png,SKIP
/Users/shahavi604/Desktop/training_crops_selected/180_SAMARKHA_CHOKDI/f12400_b630.png,SKIP
/Users/shahavi604/Desktop/training_crops_selected/180_SAMARKHA_CHOKDI/f12425_b631.png,?
/Users/shahavi604/Desktop/training_crops_selected/180_SAMARKHA_CHOKDI/f12425_b632.png,SKIP
/Users/shahavi604/Desktop/training_crops_selected/180_SAMARKHA_CHOKDI/f12450_b633.png,SKIP
/Users/shahavi604/Desktop/training_crops_selected/180_SAMARKHA_CHOKDI/f12450_b634.png,SKIP
/Users/shahavi604/Desktop/training_crops_selected/180_SAMARKHA_CHOKDI/f12475_b635.png,SKIP
/Users/shahavi604/Desktop/training_crops_selected/180_SAMARKHA_CHOKDI/f12500_b636.png,SKIP
/Users/shahavi604/Desktop/training_crops_selected/180_SAMARKHA_CHOKDI/f12500_b638.png,SKIP
/Users/shahavi604/Desktop/training_crops_selected/180_SAMARKHA_CHOKDI/f12500_b639.png,SKIP
/Users/shahavi604/Desktop/training_crops_selected/180_SAMARKHA_CHOKDI/f1250_b50.png,?
/Users/shahavi604/Desktop/training_crops_selected/180_SAMARKHA_CHOKDI/f12525_b640.png,GJ05RV7833
/Users/shahavi604/Desktop/training_crops_selected/180_SAMARKHA_CHOKDI/f12525_b641.png,SKIP
/Users/shahavi604/Desktop/training_crops_selected/180_SAMARKHA_CHOKDI/f12575_b642.png,SKIP
/Users/shahavi604/Desktop/training_crops_selected/180_SAMARKHA_CHOKDI/f12575_b643.png,SKIP
/Users/shahavi604/Desktop/training_crops_selected/180_SAMARKHA_CHOKDI/f125_b9.png,?
/Users/shahavi604/Desktop/training_crops_selected/180_SAMARKHA_CHOKDI/f12600_b644.png,GJ24AA1657
/Users/shahavi604/Desktop/training_crops_selected/180_SAMARKHA_CHOKDI/f1275_b51.png,?
/Users/shahavi604/Desktop/training_crops_selected/180_SAMARKHA_CHOKDI/f12875_b645.png,SKIP
/Users/shahavi604/Desktop/training_crops_selected/180_SAMARKHA_CHOKDI/f12875_b646.png,SKIP
/Users/shahavi604/Desktop/training_crops_selected/180_SAMARKHA_CHOKDI/f12900_b647.png,SKIP
/Users/shahavi604/Desktop/training_crops_selected/180_SAMARKHA_CHOKDI/f12925_b648.png,SKIP
/Users/shahavi604/Desktop/training_crops_selected/180_SAMARKHA_CHOKDI/f12925_b649.png,SKIP
/Users/shahavi604/Desktop/training_crops_selected/180_SAMARKHA_CHOKDI/f13000_b651.png,?
/Users/shahavi604/Desktop/training_crops_selected/180_SAMARKHA_CHOKDI/f1300_b52.png,GJ04EA6263
/Users/shahavi604/Desktop/training_crops_selected/180_SAMARKHA_CHOKDI/f1300_b53.png,?
/Users/shahavi604/Desktop/training_crops_selected/180_SAMARKHA_CHOKDI/f1300_b55.png,?
/Users/shahavi604/Desktop/training_crops_selected/180_SAMARKHA_CHOKDI/f13025_b652.png,GJ23CC4956
/Users/shahavi604/Desktop/training_crops_selected/180_SAMARKHA_CHOKDI/f13025_b653.png,?
/Users/shahavi604/Desktop/training_crops_selected/180_SAMARKHA_CHOKDI/f13100_b654.png,SKIP
/Users/shahavi604/Desktop/training_crops_selected/180_SAMARKHA_CHOKDI/f13100_b655.png,GJ07OC3242
/Users/shahavi604/Desktop/training_crops_selected/180_SAMARKHA_CHOKDI/f13100_b656.png,GJ07OC3242
/Users/shahavi604/Desktop/training_crops_selected/180_SAMARKHA_CHOKDI/f13125_b657.png,SKIP
/Users/shahavi604/Desktop/training_crops_selected/180_SAMARKHA_CHOKDI/f13125_b658.png,SKIP
/Users/shahavi604/Desktop/training_crops_selected/180_SAMARKHA_CHOKDI/f13150_b659.png,MP09CO5207
/Users/shahavi604/Desktop/training_crops_selected/180_SAMARKHA_CHOKDI/f13175_b660.png,?
/Users/shahavi604/Desktop/training_crops_selected/180_SAMARKHA_CHOKDI/f13200_b661.png,SKIP
/Users/shahavi604/Desktop/training_crops_selected/180_SAMARKHA_CHOKDI/f13200_b662.png,?
/Users/shahavi604/Desktop/training_crops_selected/180_SAMARKHA_CHOKDI/f13225_b663.png,SKIP
/Users/shahavi604/Desktop/training_crops_selected/180_SAMARKHA_CHOKDI/f1325_b56.png,?
/Users/shahavi604/Desktop/training_crops_selected/180_SAMARKHA_CHOKDI/f1325_b57.png,?
/Users/shahavi604/Desktop/training_crops_selected/180_SAMARKHA_CHOKDI/f1325_b58.png,SKIP
/Users/shahavi604/Desktop/training_crops_selected/180_SAMARKHA_CHOKDI/f13275_b665.png,SKIP
/Users/shahavi604/Desktop/training_crops_selected/180_SAMARKHA_CHOKDI/f13275_b666.png,SKIP
/Users/shahavi604/Desktop/training_crops_selected/180_SAMARKHA_CHOKDI/f13325_b667.png,SKIP
/Users/shahavi604/Desktop/training_crops_selected/180_SAMARKHA_CHOKDI/f13325_b668.png,SKIP
/Users/shahavi604/Desktop/training_crops_selected/180_SAMARKHA_CHOKDI/f13350_b669.png,SKIP
/Users/shahavi604/Desktop/training_crops_selected/180_SAMARKHA_CHOKDI/f13350_b670.png,SKIP
/Users/shahavi604/Desktop/training_crops_selected/180_SAMARKHA_CHOKDI/f13350_b671.png,SKIP
/Users/shahavi604/Desktop/training_crops_selected/180_SAMARKHA_CHOKDI/f13375_b672.png,?
/Users/shahavi604/Desktop/training_crops_selected/180_SAMARKHA_CHOKDI/f13400_b673.png,SKIP
/Users/shahavi604/Desktop/training_crops_selected/180_SAMARKHA_CHOKDI/f13425_b674.png,GJ23CH9182
/Users/shahavi604/Desktop/training_crops_selected/180_SAMARKHA_CHOKDI/f13450_b675.png,SKIP
/Users/shahavi604/Desktop/training_crops_selected/180_SAMARKHA_CHOKDI/f13500_b676.png,SKIP
/Users/shahavi604/Desktop/training_crops_selected/180_SAMARKHA_CHOKDI/f13525_b678.png,SKIP
/Users/shahavi604/Desktop/training_crops_selected/180_SAMARKHA_CHOKDI/f13525_b679.png,SKIP
/Users/shahavi604/Desktop/training_crops_selected/180_SAMARKHA_CHOKDI/f13550_b680.png,SKIP
/Users/shahavi604/Desktop/training_crops_selected/180_SAMARKHA_CHOKDI/f13550_b681.png,SKIP
/Users/shahavi604/Desktop/training_crops_selected/180_SAMARKHA_CHOKDI/f13575_b682.png,GJ18Z8473
/Users/shahavi604/Desktop/training_crops_selected/180_SAMARKHA_CHOKDI/f13575_b683.png,GJ18ZT2531
/Users/shahavi604/Desktop/training_crops_selected/180_SAMARKHA_CHOKDI/f13575_b684.png,SKIP
/Users/shahavi604/Desktop/training_crops_selected/180_SAMARKHA_CHOKDI/f13600_b685.png,?
/Users/shahavi604/Desktop/training_crops_selected/180_SAMARKHA_CHOKDI/f13625_b686.png,SKIP
/Users/shahavi604/Desktop/training_crops_selected/180_SAMARKHA_CHOKDI/f13625_b687.png,?
/Users/shahavi604/Desktop/training_crops_selected/180_SAMARKHA_CHOKDI/f13625_b688.png,?
/Users/shahavi604/Desktop/training_crops_selected/180_SAMARKHA_CHOKDI/f13625_b689.png,?
/Users/shahavi604/Desktop/training_crops_selected/180_SAMARKHA_CHOKDI/f13650_b691.png,?
/Users/shahavi604/Desktop/training_crops_selected/180_SAMARKHA_CHOKDI/f13650_b692.png,?
/Users/shahavi604/Desktop/training_crops_selected/180_SAMARKHA_CHOKDI/f13725_b693.png,GJ07BR4439
/Users/shahavi604/Desktop/training_crops_selected/180_SAMARKHA_CHOKDI/f13725_b694.png,?
/Users/shahavi604/Desktop/training_crops_selected/180_SAMARKHA_CHOKDI/f13725_b695.png,?
/Users/shahavi604/Desktop/training_crops_selected/180_SAMARKHA_CHOKDI/f13725_b696.png,?
/Users/shahavi604/Desktop/training_crops_selected/180_SAMARKHA_CHOKDI/f13750_b697.png,SKIP
/Users/shahavi604/Desktop/training_crops_selected/180_SAMARKHA_CHOKDI/f1375_b59.png,?
/Users/shahavi604/Desktop/training_crops_selected/180_SAMARKHA_CHOKDI/f13775_b698.png,SKIP
/Users/shahavi604/Desktop/training_crops_selected/180_SAMARKHA_CHOKDI/f13800_b699.png,SKIP
/Users/shahavi604/Desktop/training_crops_selected/180_SAMARKHA_CHOKDI/f13825_b700.png,?
/Users/shahavi604/Desktop/training_crops_selected/180_SAMARKHA_CHOKDI/f13850_b701.png,?
/Users/shahavi604/Desktop/training_crops_selected/180_SAMARKHA_CHOKDI/f13875_b703.png,?
/Users/shahavi604/Desktop/training_crops_selected/180_SAMARKHA_CHOKDI/f13900_b704.png,SKIP
/Users/shahavi604/Desktop/training_crops_selected/180_SAMARKHA_CHOKDI/f13900_b705.png,SKIP
/Users/shahavi604/Desktop/training_crops_selected/180_SAMARKHA_CHOKDI/f13925_b706.png,?
/Users/shahavi604/Desktop/training_crops_selected/180_SAMARKHA_CHOKDI/f13925_b707.png,SKIP
/Users/shahavi604/Desktop/training_crops_selected/180_SAMARKHA_CHOKDI/f13925_b708.png,SKIP
/Users/shahavi604/Desktop/training_crops_selected/180_SAMARKHA_CHOKDI/f13950_b709.png,SKIP
/Users/shahavi604/Desktop/training_crops_selected/180_SAMARKHA_CHOKDI/f13975_b710.png,GJ27EJ1553
/Users/shahavi604/Desktop/training_crops_selected/180_SAMARKHA_CHOKDI/f13975_b711.png,?
/Users/shahavi604/Desktop/training_crops_selected/180_SAMARKHA_CHOKDI/f13975_b712.png,?
/Users/shahavi604/Desktop/training_crops_selected/180_SAMARKHA_CHOKDI/f13975_b713.png,SKIP
/Users/shahavi604/Desktop/training_crops_selected/180_SAMARKHA_CHOKDI/f14000_b714.png,?
/Users/shahavi604/Desktop/training_crops_selected/180_SAMARKHA_CHOKDI/f1400_b60.png,SKIP
/Users/shahavi604/Desktop/training_crops_selected/180_SAMARKHA_CHOKDI/f1400_b61.png,?
/Users/shahavi604/Desktop/training_crops_selected/180_SAMARKHA_CHOKDI/f14025_b715.png,SKIP
/Users/shahavi604/Desktop/training_crops_selected/180_SAMARKHA_CHOKDI/f14025_b716.png,SKIP
/Users/shahavi604/Desktop/training_crops_selected/180_SAMARKHA_CHOKDI/f14075_b718.png,?
/Users/shahavi604/Desktop/training_crops_selected/180_SAMARKHA_CHOKDI/f14125_b719.png,?
/Users/shahavi604/Desktop/training_crops_selected/180_SAMARKHA_CHOKDI/f14125_b720.png,?
/Users/shahavi604/Desktop/training_crops_selected/180_SAMARKHA_CHOKDI/f14175_b721.png,?
/Users/shahavi604/Desktop/training_crops_selected/180_SAMARKHA_CHOKDI/f14175_b722.png,?
/Users/shahavi604/Desktop/training_crops_selected/180_SAMARKHA_CHOKDI/f14200_b723.png,GJ04FF2091
/Users/shahavi604/Desktop/training_crops_selected/180_SAMARKHA_CHOKDI/f14250_b724.png,SKIP
/Users/shahavi604/Desktop/training_crops_selected/180_SAMARKHA_CHOKDI/f14250_b725.png,?
/Users/shahavi604/Desktop/training_crops_selected/180_SAMARKHA_CHOKDI/f1425_b62.png,GJ17BN4520
/Users/shahavi604/Desktop/training_crops_selected/180_SAMARKHA_CHOKDI/f1425_b63.png,SKIP
/Users/shahavi604/Desktop/training_crops_selected/180_SAMARKHA_CHOKDI/f14300_b726.png,?
/Users/shahavi604/Desktop/training_crops_selected/180_SAMARKHA_CHOKDI/f14325_b727.png,?
/Users/shahavi604/Desktop/training_crops_selected/180_SAMARKHA_CHOKDI/f14325_b728.png,?
/Users/shahavi604/Desktop/training_crops_selected/180_SAMARKHA_CHOKDI/f14350_b729.png,?
/Users/shahavi604/Desktop/training_crops_selected/180_SAMARKHA_CHOKDI/f14375_b730.png,SKIP
/Users/shahavi604/Desktop/training_crops_selected/180_SAMARKHA_CHOKDI/f14400_b732.png,SKIP
/Users/shahavi604/Desktop/training_crops_selected/180_SAMARKHA_CHOKDI/f14425_b733.png,?
/Users/shahavi604/Desktop/training_crops_selected/180_SAMARKHA_CHOKDI/f14425_b734.png,?
/Users/shahavi604/Desktop/training_crops_selected/180_SAMARKHA_CHOKDI/f14425_b735.png,?
/Users/shahavi604/Desktop/training_crops_selected/180_SAMARKHA_CHOKDI/f14425_b736.png,?
/Users/shahavi604/Desktop/training_crops_selected/180_SAMARKHA_CHOKDI/f14450_b737.png,?
/Users/shahavi604/Desktop/training_crops_selected/180_SAMARKHA_CHOKDI/f14450_b738.png,?
/Users/shahavi604/Desktop/training_crops_selected/180_SAMARKHA_CHOKDI/f14475_b739.png,GJ23CK5655
/Users/shahavi604/Desktop/training_crops_selected/180_SAMARKHA_CHOKDI/f14475_b740.png,SKIP
/Users/shahavi604/Desktop/training_crops_selected/180_SAMARKHA_CHOKDI/f14500_b741.png,GJ06PJ2559
/Users/shahavi604/Desktop/training_crops_selected/180_SAMARKHA_CHOKDI/f1450_b64.png,?
/Users/shahavi604/Desktop/training_crops_selected/180_SAMARKHA_CHOKDI/f14525_b742.png,SKIP
/Users/shahavi604/Desktop/training_crops_selected/180_SAMARKHA_CHOKDI/f14550_b744.png,GJ07DH9738
/Users/shahavi604/Desktop/training_crops_selected/180_SAMARKHA_CHOKDI/f14600_b745.png,?
/Users/shahavi604/Desktop/training_crops_selected/180_SAMARKHA_CHOKDI/f14625_b746.png,SKIP
/Users/shahavi604/Desktop/training_crops_selected/180_SAMARKHA_CHOKDI/f14625_b747.png,GJ23CG9022
/Users/shahavi604/Desktop/training_crops_selected/180_SAMARKHA_CHOKDI/f14625_b748.png,?
/Users/shahavi604/Desktop/training_crops_selected/180_SAMARKHA_CHOKDI/f14650_b749.png,?
/Users/shahavi604/Desktop/training_crops_selected/180_SAMARKHA_CHOKDI/f14725_b750.png,GJ27CF9652
/Users/shahavi604/Desktop/training_crops_selected/180_SAMARKHA_CHOKDI/f1475_b65.png,SKIP
/Users/shahavi604/Desktop/training_crops_selected/180_SAMARKHA_CHOKDI/f14775_b751.png,SKIP
/Users/shahavi604/Desktop/training_crops_selected/180_SAMARKHA_CHOKDI/f14850_b752.png,SKIP
/Users/shahavi604/Desktop/training_crops_selected/180_SAMARKHA_CHOKDI/f14875_b753.png,GJ06EO2883
/Users/shahavi604/Desktop/training_crops_selected/180_SAMARKHA_CHOKDI/f14975_b754.png,?
/Users/shahavi604/Desktop/training_crops_selected/180_SAMARKHA_CHOKDI/f14975_b755.png,GJ07TU9301
/Users/shahavi604/Desktop/training_crops_selected/180_SAMARKHA_CHOKDI/f1500_b66.png,?
/Users/shahavi604/Desktop/training_crops_selected/180_SAMARKHA_CHOKDI/f150_b10.png,SKIP
/Users/shahavi604/Desktop/training_crops_selected/180_SAMARKHA_CHOKDI/f1525_b68.png,SKIP
/Users/shahavi604/Desktop/training_crops_selected/180_SAMARKHA_CHOKDI/f1525_b69.png,SKIP
/Users/shahavi604/Desktop/training_crops_selected/180_SAMARKHA_CHOKDI/f1725_b70.png,SKIP
/Users/shahavi604/Desktop/training_crops_selected/180_SAMARKHA_CHOKDI/f1750_b71.png,?
/Users/shahavi604/Desktop/training_crops_selected/180_SAMARKHA_CHOKDI/f175_b11.png,SKIP
/Users/shahavi604/Desktop/training_crops_selected/180_SAMARKHA_CHOKDI/f1775_b72.png,SKIP
/Users/shahavi604/Desktop/training_crops_selected/180_SAMARKHA_CHOKDI/f1775_b73.png,SKIP
/Users/shahavi604/Desktop/training_crops_selected/180_SAMARKHA_CHOKDI/f1775_b74.png,GJ23CC9704
/Users/shahavi604/Desktop/training_crops_selected/180_SAMARKHA_CHOKDI/f1800_b75.png,GJ06RC3234
/Users/shahavi604/Desktop/training_crops_selected/180_SAMARKHA_CHOKDI/f1800_b76.png,GJ16DS6306
/Users/shahavi604/Desktop/training_crops_selected/180_SAMARKHA_CHOKDI/f1825_b77.png,SKIP
/Users/shahavi604/Desktop/training_crops_selected/180_SAMARKHA_CHOKDI/f1850_b78.png,SKIP
/Users/shahavi604/Desktop/training_crops_selected/180_SAMARKHA_CHOKDI/f1925_b80.png,SKIP
/Users/shahavi604/Desktop/training_crops_selected/180_SAMARKHA_CHOKDI/f1950_b81.png,?
/Users/shahavi604/Desktop/training_crops_selected/180_SAMARKHA_CHOKDI/f2000_b82.png,SKIP
/Users/shahavi604/Desktop/training_crops_selected/180_SAMARKHA_CHOKDI/f2000_b83.png,SKIP
/Users/shahavi604/Desktop/training_crops_selected/180_SAMARKHA_CHOKDI/f200_b12.png,?
/Users/shahavi604/Desktop/training_crops_selected/180_SAMARKHA_CHOKDI/f2025_b84.png,SKIP
/Users/shahavi604/Desktop/training_crops_selected/180_SAMARKHA_CHOKDI/f2050_b85.png,GJ35M8073
/Users/shahavi604/Desktop/training_crops_selected/180_SAMARKHA_CHOKDI/f2050_b86.png,GJ23CH3662
/Users/shahavi604/Desktop/training_crops_selected/180_SAMARKHA_CHOKDI/f2050_b87.png,?
/Users/shahavi604/Desktop/training_crops_selected/180_SAMARKHA_CHOKDI/f2075_b88.png,SKIP
/Users/shahavi604/Desktop/training_crops_selected/180_SAMARKHA_CHOKDI/f2175_b89.png,SKIP
/Users/shahavi604/Desktop/training_crops_selected/180_SAMARKHA_CHOKDI/f2200_b90.png,?
/Users/shahavi604/Desktop/training_crops_selected/180_SAMARKHA_CHOKDI/f2250_b91.png,SKIP
/Users/shahavi604/Desktop/training_crops_selected/180_SAMARKHA_CHOKDI/f225_b14.png,GJ01ET5183
/Users/shahavi604/Desktop/training_crops_selected/180_SAMARKHA_CHOKDI/f2350_b93.png,?
/Users/shahavi604/Desktop/training_crops_selected/180_SAMARKHA_CHOKDI/f2375_b94.png,SKIP
/Users/shahavi604/Desktop/training_crops_selected/180_SAMARKHA_CHOKDI/f2375_b95.png,SKIP
/Users/shahavi604/Desktop/training_crops_selected/180_SAMARKHA_CHOKDI/f2400_b96.png,GJ06XY9599
/Users/shahavi604/Desktop/training_crops_selected/180_SAMARKHA_CHOKDI/f2425_b97.png,GJ06XY9599
/Users/shahavi604/Desktop/training_crops_selected/180_SAMARKHA_CHOKDI/f2425_b98.png,SKIP
/Users/shahavi604/Desktop/training_crops_selected/180_SAMARKHA_CHOKDI/f2450_b100.png,?
/Users/shahavi604/Desktop/training_crops_selected/180_SAMARKHA_CHOKDI/f2450_b101.png,?
/Users/shahavi604/Desktop/training_crops_selected/180_SAMARKHA_CHOKDI/f2450_b99.png,SKIP
/Users/shahavi604/Desktop/training_crops_selected/180_SAMARKHA_CHOKDI/f2475_b102.png,SKIP
/Users/shahavi604/Desktop/training_crops_selected/180_SAMARKHA_CHOKDI/f2475_b103.png,?
/Users/shahavi604/Desktop/training_crops_selected/180_SAMARKHA_CHOKDI/f2475_b104.png,?
/Users/shahavi604/Desktop/training_crops_selected/180_SAMARKHA_CHOKDI/f2475_b105.png,?
/Users/shahavi604/Desktop/training_crops_selected/180_SAMARKHA_CHOKDI/f250_b15.png,SKIP
/Users/shahavi604/Desktop/training_crops_selected/180_SAMARKHA_CHOKDI/f2525_b107.png,SKIP
/Users/shahavi604/Desktop/training_crops_selected/180_SAMARKHA_CHOKDI/f2525_b108.png,?
/Users/shahavi604/Desktop/training_crops_selected/180_SAMARKHA_CHOKDI/f2550_b109.png,SKIP
/Users/shahavi604/Desktop/training_crops_selected/180_SAMARKHA_CHOKDI/f2550_b110.png,SKIP
/Users/shahavi604/Desktop/training_crops_selected/180_SAMARKHA_CHOKDI/f2575_b111.png,GJ06LB6705
/Users/shahavi604/Desktop/training_crops_selected/180_SAMARKHA_CHOKDI/f2575_b112.png,SKIP
/Users/shahavi604/Desktop/training_crops_selected/180_SAMARKHA_CHOKDI/f2575_b113.png,SKIP
/Users/shahavi604/Desktop/training_crops_selected/180_SAMARKHA_CHOKDI/f25_b0.png,SKIP
/Users/shahavi604/Desktop/training_crops_selected/180_SAMARKHA_CHOKDI/f25_b1.png,GJ27ED8753
/Users/shahavi604/Desktop/training_crops_selected/180_SAMARKHA_CHOKDI/f25_b2.png,GJ27ED8753
/Users/shahavi604/Desktop/training_crops_selected/180_SAMARKHA_CHOKDI/f2600_b114.png,SKIP
/Users/shahavi604/Desktop/training_crops_selected/180_SAMARKHA_CHOKDI/f2625_b115.png,GJ38BJ3565
/Users/shahavi604/Desktop/training_crops_selected/180_SAMARKHA_CHOKDI/f2625_b116.png,SKIP
/Users/shahavi604/Desktop/training_crops_selected/180_SAMARKHA_CHOKDI/f2650_b117.png,GJ38BJ3565
/Users/shahavi604/Desktop/training_crops_selected/180_SAMARKHA_CHOKDI/f2700_b118.png,?
/Users/shahavi604/Desktop/training_crops_selected/180_SAMARKHA_CHOKDI/f2800_b120.png,?
/Users/shahavi604/Desktop/training_crops_selected/180_SAMARKHA_CHOKDI/f2825_b121.png,?
/Users/shahavi604/Desktop/training_crops_selected/180_SAMARKHA_CHOKDI/f2825_b122.png,GJ23CD9585
/Users/shahavi604/Desktop/training_crops_selected/180_SAMARKHA_CHOKDI/f2825_b123.png,GJ23CD9585
/Users/shahavi604/Desktop/training_crops_selected/180_SAMARKHA_CHOKDI/f2875_b124.png,SKIP
/Users/shahavi604/Desktop/training_crops_selected/180_SAMARKHA_CHOKDI/f2875_b125.png,?
/Users/shahavi604/Desktop/training_crops_selected/180_SAMARKHA_CHOKDI/f2900_b126.png,GJ23CH3960
/Users/shahavi604/Desktop/training_crops_selected/180_SAMARKHA_CHOKDI/f300_b16.png,SKIP
/Users/shahavi604/Desktop/training_crops_selected/180_SAMARKHA_CHOKDI/f300_b17.png,GJ23BD5262
/Users/shahavi604/Desktop/training_crops_selected/180_SAMARKHA_CHOKDI/f3025_b127.png,?
/Users/shahavi604/Desktop/training_crops_selected/180_SAMARKHA_CHOKDI/f3025_b128.png,?
/Users/shahavi604/Desktop/training_crops_selected/180_SAMARKHA_CHOKDI/f3075_b129.png,SKIP
/Users/shahavi604/Desktop/training_crops_selected/180_SAMARKHA_CHOKDI/f3100_b130.png,?
/Users/shahavi604/Desktop/training_crops_selected/180_SAMARKHA_CHOKDI/f3125_b131.png,?
/Users/shahavi604/Desktop/training_crops_selected/180_SAMARKHA_CHOKDI/f3175_b133.png,?
/Users/shahavi604/Desktop/training_crops_selected/180_SAMARKHA_CHOKDI/f3200_b134.png,?
/Users/shahavi604/Desktop/training_crops_selected/180_SAMARKHA_CHOKDI/f3200_b135.png,SKIP
/Users/shahavi604/Desktop/training_crops_selected/180_SAMARKHA_CHOKDI/f3200_b136.png,SKIP
/Users/shahavi604/Desktop/training_crops_selected/180_SAMARKHA_CHOKDI/f3225_b137.png,SKIP
/Users/shahavi604/Desktop/training_crops_selected/180_SAMARKHA_CHOKDI/f3225_b138.png,?
/Users/shahavi604/Desktop/training_crops_selected/180_SAMARKHA_CHOKDI/f3250_b139.png,?
/Users/shahavi604/Desktop/training_crops_selected/180_SAMARKHA_CHOKDI/f3250_b140.png,GJ23CF7718
/Users/shahavi604/Desktop/training_crops_selected/180_SAMARKHA_CHOKDI/f3250_b141.png,?
/Users/shahavi604/Desktop/training_crops_selected/180_SAMARKHA_CHOKDI/f3250_b142.png,SKIP
/Users/shahavi604/Desktop/training_crops_selected/180_SAMARKHA_CHOKDI/f325_b18.png,SKIP
/Users/shahavi604/Desktop/training_crops_selected/180_SAMARKHA_CHOKDI/f325_b19.png,SKIP
/Users/shahavi604/Desktop/training_crops_selected/180_SAMARKHA_CHOKDI/f3275_b143.png,SKIP
/Users/shahavi604/Desktop/training_crops_selected/180_SAMARKHA_CHOKDI/f3275_b144.png,SKIP
/Users/shahavi604/Desktop/training_crops_selected/180_SAMARKHA_CHOKDI/f3300_b145.png,SKIP
/Users/shahavi604/Desktop/training_crops_selected/180_SAMARKHA_CHOKDI/f3300_b147.png,?
/Users/shahavi604/Desktop/training_crops_selected/180_SAMARKHA_CHOKDI/f3300_b148.png,?
/Users/shahavi604/Desktop/training_crops_selected/180_SAMARKHA_CHOKDI/f3325_b149.png,SKIP
/Users/shahavi604/Desktop/training_crops_selected/180_SAMARKHA_CHOKDI/f3325_b150.png,SKIP
/Users/shahavi604/Desktop/training_crops_selected/180_SAMARKHA_CHOKDI/f3325_b151.png,?
/Users/shahavi604/Desktop/training_crops_selected/180_SAMARKHA_CHOKDI/f3350_b152.png,GJ15CJ5892
/Users/shahavi604/Desktop/training_crops_selected/180_SAMARKHA_CHOKDI/f3350_b153.png,SKIP
/Users/shahavi604/Desktop/training_crops_selected/180_SAMARKHA_CHOKDI/f3350_b154.png,SKIP
/Users/shahavi604/Desktop/training_crops_selected/180_SAMARKHA_CHOKDI/f3350_b155.png,SKIP
/Users/shahavi604/Desktop/training_crops_selected/180_SAMARKHA_CHOKDI/f3375_b156.png,SKIP
/Users/shahavi604/Desktop/training_crops_selected/180_SAMARKHA_CHOKDI/f3375_b157.png,?
/Users/shahavi604/Desktop/training_crops_selected/180_SAMARKHA_CHOKDI/f3400_b159.png,GJ23CE3079
/Users/shahavi604/Desktop/training_crops_selected/180_SAMARKHA_CHOKDI/f3400_b160.png,GJ23CE3079
/Users/shahavi604/Desktop/training_crops_selected/180_SAMARKHA_CHOKDI/f3425_b161.png,SKIP
/Users/shahavi604/Desktop/training_crops_selected/180_SAMARKHA_CHOKDI/f3425_b162.png,?
/Users/shahavi604/Desktop/training_crops_selected/180_SAMARKHA_CHOKDI/f3450_b163.png,GJ23CD7956
/Users/shahavi604/Desktop/training_crops_selected/180_SAMARKHA_CHOKDI/f3450_b164.png,SKIP
/Users/shahavi604/Desktop/training_crops_selected/180_SAMARKHA_CHOKDI/f3450_b165.png,SKIP
/Users/shahavi604/Desktop/training_crops_selected/180_SAMARKHA_CHOKDI/f3475_b166.png,SKIP
/Users/shahavi604/Desktop/training_crops_selected/180_SAMARKHA_CHOKDI/f3475_b167.png,SKIP
/Users/shahavi604/Desktop/training_crops_selected/180_SAMARKHA_CHOKDI/f3475_b168.png,SKIP
/Users/shahavi604/Desktop/training_crops_selected/180_SAMARKHA_CHOKDI/f3500_b169.png,SKIP
/Users/shahavi604/Desktop/training_crops_selected/180_SAMARKHA_CHOKDI/f3500_b170.png,GJ35H5967
/Users/shahavi604/Desktop/training_crops_selected/180_SAMARKHA_CHOKDI/f350_b20.png,?
/Users/shahavi604/Desktop/training_crops_selected/180_SAMARKHA_CHOKDI/f3525_b172.png,SKIP
/Users/shahavi604/Desktop/training_crops_selected/180_SAMARKHA_CHOKDI/f3550_b173.png,GJ06KP6520
/Users/shahavi604/Desktop/training_crops_selected/180_SAMARKHA_CHOKDI/f3550_b174.png,SKIP
/Users/shahavi604/Desktop/training_crops_selected/180_SAMARKHA_CHOKDI/f3575_b175.png,SKIP
/Users/shahavi604/Desktop/training_crops_selected/180_SAMARKHA_CHOKDI/f3575_b176.png,SKIP
/Users/shahavi604/Desktop/training_crops_selected/180_SAMARKHA_CHOKDI/f3600_b177.png,SKIP
/Users/shahavi604/Desktop/training_crops_selected/180_SAMARKHA_CHOKDI/f3600_b178.png,SKIP
/Users/shahavi604/Desktop/training_crops_selected/180_SAMARKHA_CHOKDI/f3625_b179.png,SKIP
/Users/shahavi604/Desktop/training_crops_selected/180_SAMARKHA_CHOKDI/f3650_b180.png,SKIP
/Users/shahavi604/Desktop/training_crops_selected/180_SAMARKHA_CHOKDI/f3675_b181.png,?
/Users/shahavi604/Desktop/training_crops_selected/180_SAMARKHA_CHOKDI/f3675_b182.png,SKIP
/Users/shahavi604/Desktop/training_crops_selected/180_SAMARKHA_CHOKDI/f3700_b183.png,?
/Users/shahavi604/Desktop/training_crops_selected/180_SAMARKHA_CHOKDI/f3750_b185.png,SKIP
/Users/shahavi604/Desktop/training_crops_selected/180_SAMARKHA_CHOKDI/f3750_b186.png,SKIP
/Users/shahavi604/Desktop/training_crops_selected/180_SAMARKHA_CHOKDI/f375_b21.png,SKIP
/Users/shahavi604/Desktop/training_crops_selected/180_SAMARKHA_CHOKDI/f3775_b187.png,?
/Users/shahavi604/Desktop/training_crops_selected/180_SAMARKHA_CHOKDI/f3775_b188.png,?
/Users/shahavi604/Desktop/training_crops_selected/180_SAMARKHA_CHOKDI/f3775_b189.png,SKIP
/Users/shahavi604/Desktop/training_crops_selected/180_SAMARKHA_CHOKDI/f3775_b190.png,SKIP
/Users/shahavi604/Desktop/training_crops_selected/180_SAMARKHA_CHOKDI/f3800_b191.png,SKIP
/Users/shahavi604/Desktop/training_crops_selected/180_SAMARKHA_CHOKDI/f3800_b192.png,?
/Users/shahavi604/Desktop/training_crops_selected/180_SAMARKHA_CHOKDI/f3800_b193.png,?
/Users/shahavi604/Desktop/training_crops_selected/180_SAMARKHA_CHOKDI/f3800_b194.png,?
/Users/shahavi604/Desktop/training_crops_selected/180_SAMARKHA_CHOKDI/f3825_b195.png,?
/Users/shahavi604/Desktop/training_crops_selected/180_SAMARKHA_CHOKDI/f3825_b196.png,SKIP
/Users/shahavi604/Desktop/training_crops_selected/180_SAMARKHA_CHOKDI/f3825_b197.png,SKIP
/Users/shahavi604/Desktop/training_crops_selected/180_SAMARKHA_CHOKDI/f3825_b198.png,GJ16OG3290
/Users/shahavi604/Desktop/training_crops_selected/180_SAMARKHA_CHOKDI/f3850_b199.png,SKIP
/Users/shahavi604/Desktop/training_crops_selected/180_SAMARKHA_CHOKDI/f3850_b201.png,SKIP
/Users/shahavi604/Desktop/training_crops_selected/180_SAMARKHA_CHOKDI/f3875_b202.png,GJ18Z7301
/Users/shahavi604/Desktop/training_crops_selected/180_SAMARKHA_CHOKDI/f3875_b203.png,SKIP
/Users/shahavi604/Desktop/training_crops_selected/180_SAMARKHA_CHOKDI/f3900_b204.png,GJ18Z7301
/Users/shahavi604/Desktop/training_crops_selected/180_SAMARKHA_CHOKDI/f3900_b205.png,SKIP
/Users/shahavi604/Desktop/training_crops_selected/180_SAMARKHA_CHOKDI/f3925_b206.png,SKIP
/Users/shahavi604/Desktop/training_crops_selected/180_SAMARKHA_CHOKDI/f3925_b207.png,GJ23CF4627
/Users/shahavi604/Desktop/training_crops_selected/180_SAMARKHA_CHOKDI/f3950_b208.png,SKIP
/Users/shahavi604/Desktop/training_crops_selected/180_SAMARKHA_CHOKDI/f3950_b209.png,SKIP
/Users/shahavi604/Desktop/training_crops_selected/180_SAMARKHA_CHOKDI/f3975_b210.png,SKIP
/Users/shahavi604/Desktop/training_crops_selected/180_SAMARKHA_CHOKDI/f4000_b211.png,GJ23CE3056
/Users/shahavi604/Desktop/training_crops_selected/180_SAMARKHA_CHOKDI/f4050_b213.png,GJ23CE3058
/Users/shahavi604/Desktop/training_crops_selected/180_SAMARKHA_CHOKDI/f4050_b214.png,SKIP
/Users/shahavi604/Desktop/training_crops_selected/180_SAMARKHA_CHOKDI/f4050_b215.png,?
/Users/shahavi604/Desktop/training_crops_selected/180_SAMARKHA_CHOKDI/f4050_b216.png,SKIP
/Users/shahavi604/Desktop/training_crops_selected/180_SAMARKHA_CHOKDI/f4050_b217.png,?
/Users/shahavi604/Desktop/training_crops_selected/180_SAMARKHA_CHOKDI/f4050_b218.png,SKIP
/Users/shahavi604/Desktop/training_crops_selected/180_SAMARKHA_CHOKDI/f4075_b219.png,?
/Users/shahavi604/Desktop/training_crops_selected/180_SAMARKHA_CHOKDI/f4075_b220.png,GJ23CE3058
/Users/shahavi604/Desktop/training_crops_selected/180_SAMARKHA_CHOKDI/f4100_b221.png,SKIP
/Users/shahavi604/Desktop/training_crops_selected/180_SAMARKHA_CHOKDI/f4100_b222.png,GJ23CF8819
/Users/shahavi604/Desktop/training_crops_selected/180_SAMARKHA_CHOKDI/f4125_b223.png,GJ23CF8819
/Users/shahavi604/Desktop/training_crops_selected/180_SAMARKHA_CHOKDI/f4125_b224.png,SKIP
/Users/shahavi604/Desktop/training_crops_selected/180_SAMARKHA_CHOKDI/f4175_b226.png,SKIP
/Users/shahavi604/Desktop/training_crops_selected/180_SAMARKHA_CHOKDI/f425_b22.png,?
/Users/shahavi604/Desktop/training_crops_selected/180_SAMARKHA_CHOKDI/f4275_b227.png,?
/Users/shahavi604/Desktop/training_crops_selected/180_SAMARKHA_CHOKDI/f4300_b228.png,SKIP
/Users/shahavi604/Desktop/training_crops_selected/180_SAMARKHA_CHOKDI/f4300_b229.png,SKIP
/Users/shahavi604/Desktop/training_crops_selected/180_SAMARKHA_CHOKDI/f4325_b230.png,?
/Users/shahavi604/Desktop/training_crops_selected/180_SAMARKHA_CHOKDI/f4475_b231.png,GJ23CE3573
/Users/shahavi604/Desktop/training_crops_selected/180_SAMARKHA_CHOKDI/f450_b23.png,GJ23AA2525
/Users/shahavi604/Desktop/training_crops_selected/180_SAMARKHA_CHOKDI/f4675_b232.png,?
/Users/shahavi604/Desktop/training_crops_selected/180_SAMARKHA_CHOKDI/f4675_b233.png,?
/Users/shahavi604/Desktop/training_crops_selected/180_SAMARKHA_CHOKDI/f4675_b234.png,?
/Users/shahavi604/Desktop/training_crops_selected/180_SAMARKHA_CHOKDI/f4700_b235.png,SKIP
/Users/shahavi604/Desktop/training_crops_selected/180_SAMARKHA_CHOKDI/f4725_b236.png,?
/Users/shahavi604/Desktop/training_crops_selected/180_SAMARKHA_CHOKDI/f4750_b237.png,SKIP
/Users/shahavi604/Desktop/training_crops_selected/180_SAMARKHA_CHOKDI/f475_b24.png,SKIP
/Users/shahavi604/Desktop/training_crops_selected/180_SAMARKHA_CHOKDI/f4775_b238.png,?
/Users/shahavi604/Desktop/training_crops_selected/180_SAMARKHA_CHOKDI/f4800_b239.png,?
/Users/shahavi604/Desktop/training_crops_selected/180_SAMARKHA_CHOKDI/f4800_b240.png,?
/Users/shahavi604/Desktop/training_crops_selected/180_SAMARKHA_CHOKDI/f4825_b242.png,?
/Users/shahavi604/Desktop/training_crops_selected/180_SAMARKHA_CHOKDI/f4875_b243.png,SKIP
/Users/shahavi604/Desktop/training_crops_selected/180_SAMARKHA_CHOKDI/f4950_b244.png,GJ01RP8068
/Users/shahavi604/Desktop/training_crops_selected/180_SAMARKHA_CHOKDI/f5000_b245.png,?
/Users/shahavi604/Desktop/training_crops_selected/180_SAMARKHA_CHOKDI/f500_b25.png,?
/Users/shahavi604/Desktop/training_crops_selected/180_SAMARKHA_CHOKDI/f500_b26.png,?
/Users/shahavi604/Desktop/training_crops_selected/180_SAMARKHA_CHOKDI/f5075_b246.png,SKIP
/Users/shahavi604/Desktop/training_crops_selected/180_SAMARKHA_CHOKDI/f5075_b247.png,SKIP
/Users/shahavi604/Desktop/training_crops_selected/180_SAMARKHA_CHOKDI/f50_b3.png,GJ27ED8753
/Users/shahavi604/Desktop/training_crops_selected/180_SAMARKHA_CHOKDI/f50_b4.png,GJ27ED8753
/Users/shahavi604/Desktop/training_crops_selected/180_SAMARKHA_CHOKDI/f5125_b248.png,?
/Users/shahavi604/Desktop/training_crops_selected/180_SAMARKHA_CHOKDI/f5175_b249.png,?
/Users/shahavi604/Desktop/training_crops_selected/180_SAMARKHA_CHOKDI/f5200_b250.png,SKIP
/Users/shahavi604/Desktop/training_crops_selected/180_SAMARKHA_CHOKDI/f5225_b251.png,GJ23P9600
/Users/shahavi604/Desktop/training_crops_selected/180_SAMARKHA_CHOKDI/f525_b28.png,?
/Users/shahavi604/Desktop/training_crops_selected/180_SAMARKHA_CHOKDI/f525_b29.png,?
/Users/shahavi604/Desktop/training_crops_selected/180_SAMARKHA_CHOKDI/f5275_b253.png,?
/Users/shahavi604/Desktop/training_crops_selected/180_SAMARKHA_CHOKDI/f5300_b254.png,?
/Users/shahavi604/Desktop/training_crops_selected/180_SAMARKHA_CHOKDI/f5325_b255.png,?
/Users/shahavi604/Desktop/training_crops_selected/180_SAMARKHA_CHOKDI/f5325_b256.png,?
/Users/shahavi604/Desktop/training_crops_selected/180_SAMARKHA_CHOKDI/f5325_b257.png,SKIP
/Users/shahavi604/Desktop/training_crops_selected/180_SAMARKHA_CHOKDI/f5325_b258.png,SKIP
/Users/shahavi604/Desktop/training_crops_selected/180_SAMARKHA_CHOKDI/f5350_b259.png,?
/Users/shahavi604/Desktop/training_crops_selected/180_SAMARKHA_CHOKDI/f5350_b260.png,GJ23CC1588
/Users/shahavi604/Desktop/training_crops_selected/180_SAMARKHA_CHOKDI/f5350_b261.png,GJ23CC1588
/Users/shahavi604/Desktop/training_crops_selected/180_SAMARKHA_CHOKDI/f5375_b262.png,SKIP
/Users/shahavi604/Desktop/training_crops_selected/180_SAMARKHA_CHOKDI/f5375_b263.png,GJ23CC1598
/Users/shahavi604/Desktop/training_crops_selected/180_SAMARKHA_CHOKDI/f5400_b264.png,?
/Users/shahavi604/Desktop/training_crops_selected/180_SAMARKHA_CHOKDI/f5400_b266.png,SKIP
/Users/shahavi604/Desktop/training_crops_selected/180_SAMARKHA_CHOKDI/f5400_b267.png,?
/Users/shahavi604/Desktop/training_crops_selected/180_SAMARKHA_CHOKDI/f5425_b268.png,GJ01WO8964
/Users/shahavi604/Desktop/training_crops_selected/180_SAMARKHA_CHOKDI/f5425_b269.png,SKIP
/Users/shahavi604/Desktop/training_crops_selected/180_SAMARKHA_CHOKDI/f5425_b270.png,SKIP
/Users/shahavi604/Desktop/training_crops_selected/180_SAMARKHA_CHOKDI/f5450_b271.png,GJ01WO8964
/Users/shahavi604/Desktop/training_crops_selected/180_SAMARKHA_CHOKDI/f5450_b272.png,SKIP
/Users/shahavi604/Desktop/training_crops_selected/180_SAMARKHA_CHOKDI/f5450_b273.png,SKIP
/Users/shahavi604/Desktop/training_crops_selected/180_SAMARKHA_CHOKDI/f5475_b274.png,GJ01WO8964
/Users/shahavi604/Desktop/training_crops_selected/180_SAMARKHA_CHOKDI/f5500_b275.png,SKIP
/Users/shahavi604/Desktop/training_crops_selected/180_SAMARKHA_CHOKDI/f5500_b276.png,?
/Users/shahavi604/Desktop/training_crops_selected/180_SAMARKHA_CHOKDI/f5525_b277.png,SKIP
/Users/shahavi604/Desktop/training_crops_selected/180_SAMARKHA_CHOKDI/f5550_b279.png,GJ23AW4694
/Users/shahavi604/Desktop/training_crops_selected/180_SAMARKHA_CHOKDI/f5575_b280.png,SKIP
/Users/shahavi604/Desktop/training_crops_selected/180_SAMARKHA_CHOKDI/f5600_b281.png,SKIP
/Users/shahavi604/Desktop/training_crops_selected/180_SAMARKHA_CHOKDI/f5650_b282.png,SKIP
/Users/shahavi604/Desktop/training_crops_selected/180_SAMARKHA_CHOKDI/f5725_b283.png,GJ03KP9473
/Users/shahavi604/Desktop/training_crops_selected/180_SAMARKHA_CHOKDI/f5750_b284.png,?
/Users/shahavi604/Desktop/training_crops_selected/180_SAMARKHA_CHOKDI/f575_b30.png,?
/Users/shahavi604/Desktop/training_crops_selected/180_SAMARKHA_CHOKDI/f5775_b285.png,GJ07DF6987
/Users/shahavi604/Desktop/training_crops_selected/180_SAMARKHA_CHOKDI/f5800_b286.png,SKIP
/Users/shahavi604/Desktop/training_crops_selected/180_SAMARKHA_CHOKDI/f5825_b287.png,GJ07DC9876
/Users/shahavi604/Desktop/training_crops_selected/180_SAMARKHA_CHOKDI/f5850_b288.png,SKIP
/Users/shahavi604/Desktop/training_crops_selected/180_SAMARKHA_CHOKDI/f5850_b289.png,SKIP
/Users/shahavi604/Desktop/training_crops_selected/180_SAMARKHA_CHOKDI/f5925_b290.png,GJ23M1072
/Users/shahavi604/Desktop/training_crops_selected/180_SAMARKHA_CHOKDI/f5925_b291.png,?
/Users/shahavi604/Desktop/training_crops_selected/180_SAMARKHA_CHOKDI/f5975_b293.png,?
/Users/shahavi604/Desktop/training_crops_selected/180_SAMARKHA_CHOKDI/f5975_b294.png,SKIP
/Users/shahavi604/Desktop/training_crops_selected/180_SAMARKHA_CHOKDI/f5975_b295.png,SKIP
/Users/shahavi604/Desktop/training_crops_selected/180_SAMARKHA_CHOKDI/f5975_b296.png,SKIP
/Users/shahavi604/Desktop/training_crops_selected/180_SAMARKHA_CHOKDI/f5975_b297.png,?
/Users/shahavi604/Desktop/training_crops_selected/180_SAMARKHA_CHOKDI/f6000_b298.png,GJ23CB8416
/Users/shahavi604/Desktop/training_crops_selected/180_SAMARKHA_CHOKDI/f600_b31.png,GJ07DA0928
/Users/shahavi604/Desktop/training_crops_selected/180_SAMARKHA_CHOKDI/f6025_b299.png,SKIP
/Users/shahavi604/Desktop/training_crops_selected/180_SAMARKHA_CHOKDI/f6025_b300.png,SKIP
/Users/shahavi604/Desktop/training_crops_selected/180_SAMARKHA_CHOKDI/f6075_b301.png,GJ01RL3352
/Users/shahavi604/Desktop/training_crops_selected/180_SAMARKHA_CHOKDI/f6100_b302.png,SKIP
/Users/shahavi604/Desktop/training_crops_selected/180_SAMARKHA_CHOKDI/f6100_b303.png,?
/Users/shahavi604/Desktop/training_crops_selected/180_SAMARKHA_CHOKDI/f6175_b304.png,GJ06JM9109
/Users/shahavi604/Desktop/training_crops_selected/180_SAMARKHA_CHOKDI/f625_b32.png,SKIP
/Users/shahavi604/Desktop/training_crops_selected/180_SAMARKHA_CHOKDI/f6375_b306.png,SKIP
/Users/shahavi604/Desktop/training_crops_selected/180_SAMARKHA_CHOKDI/f6425_b307.png,?
/Users/shahavi604/Desktop/training_crops_selected/180_SAMARKHA_CHOKDI/f6450_b308.png,?
/Users/shahavi604/Desktop/training_crops_selected/180_SAMARKHA_CHOKDI/f6475_b309.png,?
/Users/shahavi604/Desktop/training_crops_selected/180_SAMARKHA_CHOKDI/f6500_b310.png,SKIP
/Users/shahavi604/Desktop/training_crops_selected/180_SAMARKHA_CHOKDI/f650_b33.png,?
/Users/shahavi604/Desktop/training_crops_selected/180_SAMARKHA_CHOKDI/f650_b34.png,SKIP
/Users/shahavi604/Desktop/training_crops_selected/180_SAMARKHA_CHOKDI/f6550_b311.png,SKIP
/Users/shahavi604/Desktop/training_crops_selected/180_SAMARKHA_CHOKDI/f6575_b312.png,?
/Users/shahavi604/Desktop/training_crops_selected/180_SAMARKHA_CHOKDI/f6575_b313.png,GJ23CD2655
/Users/shahavi604/Desktop/training_crops_selected/180_SAMARKHA_CHOKDI/f6600_b314.png,SKIP
/Users/shahavi604/Desktop/training_crops_selected/180_SAMARKHA_CHOKDI/f6625_b315.png,?
/Users/shahavi604/Desktop/training_crops_selected/180_SAMARKHA_CHOKDI/f6625_b316.png,SKIP
/Users/shahavi604/Desktop/training_crops_selected/180_SAMARKHA_CHOKDI/f6625_b317.png,SKIP
/Users/shahavi604/Desktop/training_crops_selected/180_SAMARKHA_CHOKDI/f6650_b318.png,?
/Users/shahavi604/Desktop/training_crops_selected/180_SAMARKHA_CHOKDI/f6675_b320.png,?
/Users/shahavi604/Desktop/training_crops_selected/180_SAMARKHA_CHOKDI/f6675_b321.png,?
/Users/shahavi604/Desktop/training_crops_selected/180_SAMARKHA_CHOKDI/f6675_b322.png,?
/Users/shahavi604/Desktop/training_crops_selected/180_SAMARKHA_CHOKDI/f6700_b323.png,GJ27TF5783
/Users/shahavi604/Desktop/training_crops_selected/180_SAMARKHA_CHOKDI/f6700_b324.png,?
/Users/shahavi604/Desktop/training_crops_selected/180_SAMARKHA_CHOKDI/f6725_b325.png,SKIP
/Users/shahavi604/Desktop/training_crops_selected/180_SAMARKHA_CHOKDI/f675_b35.png,?
/Users/shahavi604/Desktop/training_crops_selected/180_SAMARKHA_CHOKDI/f675_b36.png,?
/Users/shahavi604/Desktop/training_crops_selected/180_SAMARKHA_CHOKDI/f6850_b326.png,GJ06JE3630
/Users/shahavi604/Desktop/training_crops_selected/180_SAMARKHA_CHOKDI/f6850_b327.png,?
/Users/shahavi604/Desktop/training_crops_selected/180_SAMARKHA_CHOKDI/f6875_b328.png,?
/Users/shahavi604/Desktop/training_crops_selected/180_SAMARKHA_CHOKDI/f6900_b329.png,GJ23AW1568
/Users/shahavi604/Desktop/training_crops_selected/180_SAMARKHA_CHOKDI/f6975_b331.png,?
/Users/shahavi604/Desktop/training_crops_selected/180_SAMARKHA_CHOKDI/f6975_b332.png,?
/Users/shahavi604/Desktop/training_crops_selected/180_SAMARKHA_CHOKDI/f700_b38.png,SKIP
/Users/shahavi604/Desktop/training_crops_selected/180_SAMARKHA_CHOKDI/f700_b39.png,?
/Users/shahavi604/Desktop/training_crops_selected/180_SAMARKHA_CHOKDI/f7025_b333.png,?
/Users/shahavi604/Desktop/training_crops_selected/180_SAMARKHA_CHOKDI/f7125_b334.png,GJ23CF3740
/Users/shahavi604/Desktop/training_crops_selected/180_SAMARKHA_CHOKDI/f7125_b335.png,?
/Users/shahavi604/Desktop/training_crops_selected/180_SAMARKHA_CHOKDI/f7150_b336.png,?
/Users/shahavi604/Desktop/training_crops_selected/180_SAMARKHA_CHOKDI/f7175_b337.png,GJ07TU4516
/Users/shahavi604/Desktop/training_crops_selected/180_SAMARKHA_CHOKDI/f7175_b338.png,SKIP
/Users/shahavi604/Desktop/training_crops_selected/180_SAMARKHA_CHOKDI/f7200_b339.png,SKIP
/Users/shahavi604/Desktop/training_crops_selected/180_SAMARKHA_CHOKDI/f7225_b340.png,SKIP
/Users/shahavi604/Desktop/training_crops_selected/180_SAMARKHA_CHOKDI/f7250_b341.png,SKIP
/Users/shahavi604/Desktop/training_crops_selected/180_SAMARKHA_CHOKDI/f7250_b342.png,?
/Users/shahavi604/Desktop/training_crops_selected/180_SAMARKHA_CHOKDI/f725_b40.png,SKIP
/Users/shahavi604/Desktop/training_crops_selected/180_SAMARKHA_CHOKDI/f7275_b343.png,SKIP
/Users/shahavi604/Desktop/training_crops_selected/180_SAMARKHA_CHOKDI/f7275_b344.png,SKIP
/Users/shahavi604/Desktop/training_crops_selected/180_SAMARKHA_CHOKDI/f7300_b345.png,?
/Users/shahavi604/Desktop/training_crops_selected/180_SAMARKHA_CHOKDI/f7300_b346.png,SKIP
/Users/shahavi604/Desktop/training_crops_selected/180_SAMARKHA_CHOKDI/f7300_b347.png,?
/Users/shahavi604/Desktop/training_crops_selected/180_SAMARKHA_CHOKDI/f7325_b349.png,SKIP
/Users/shahavi604/Desktop/training_crops_selected/180_SAMARKHA_CHOKDI/f7325_b350.png,SKIP
/Users/shahavi604/Desktop/training_crops_selected/180_SAMARKHA_CHOKDI/f7325_b351.png,SKIP
/Users/shahavi604/Desktop/training_crops_selected/180_SAMARKHA_CHOKDI/f7325_b352.png,?
/Users/shahavi604/Desktop/training_crops_selected/180_SAMARKHA_CHOKDI/f7350_b353.png,GJ18Z5729
/Users/shahavi604/Desktop/training_crops_selected/180_SAMARKHA_CHOKDI/f7350_b354.png,SKIP
/Users/shahavi604/Desktop/training_crops_selected/180_SAMARKHA_CHOKDI/f7375_b355.png,SKIP
/Users/shahavi604/Desktop/training_crops_selected/180_SAMARKHA_CHOKDI/f7450_b356.png,GJ01WF7577
/Users/shahavi604/Desktop/training_crops_selected/180_SAMARKHA_CHOKDI/f7450_b357.png,SKIP
/Users/shahavi604/Desktop/training_crops_selected/180_SAMARKHA_CHOKDI/f7500_b359.png,?
/Users/shahavi604/Desktop/training_crops_selected/180_SAMARKHA_CHOKDI/f7500_b360.png,SKIP
/Users/shahavi604/Desktop/training_crops_selected/180_SAMARKHA_CHOKDI/f7500_b361.png,SKIP
/Users/shahavi604/Desktop/training_crops_selected/180_SAMARKHA_CHOKDI/f7525_b362.png,SKIP
/Users/shahavi604/Desktop/training_crops_selected/180_SAMARKHA_CHOKDI/f7575_b363.png,GJ06PO9759
/Users/shahavi604/Desktop/training_crops_selected/180_SAMARKHA_CHOKDI/f75_b5.png,SKIP
/Users/shahavi604/Desktop/training_crops_selected/180_SAMARKHA_CHOKDI/f7625_b364.png,SKIP
/Users/shahavi604/Desktop/training_crops_selected/180_SAMARKHA_CHOKDI/f7650_b365.png,SKIP
/Users/shahavi604/Desktop/training_crops_selected/180_SAMARKHA_CHOKDI/f7675_b366.png,?
/Users/shahavi604/Desktop/training_crops_selected/180_SAMARKHA_CHOKDI/f7675_b367.png,?
/Users/shahavi604/Desktop/training_crops_selected/180_SAMARKHA_CHOKDI/f7675_b368.png,?
/Users/shahavi604/Desktop/training_crops_selected/180_SAMARKHA_CHOKDI/f7700_b369.png,?
/Users/shahavi604/Desktop/training_crops_selected/180_SAMARKHA_CHOKDI/f7700_b370.png,?
/Users/shahavi604/Desktop/training_crops_selected/180_SAMARKHA_CHOKDI/f7775_b372.png,?
/Users/shahavi604/Desktop/training_crops_selected/180_SAMARKHA_CHOKDI/f7800_b373.png,SKIP
/Users/shahavi604/Desktop/training_crops_selected/180_SAMARKHA_CHOKDI/f7925_b374.png,?
/Users/shahavi604/Desktop/training_crops_selected/180_SAMARKHA_CHOKDI/f7925_b375.png,SKIP
/Users/shahavi604/Desktop/training_crops_selected/180_SAMARKHA_CHOKDI/f7950_b376.png,?
/Users/shahavi604/Desktop/training_crops_selected/180_SAMARKHA_CHOKDI/f7950_b377.png,SKIP
/Users/shahavi604/Desktop/training_crops_selected/180_SAMARKHA_CHOKDI/f7975_b378.png,GJ18ZT4440
/Users/shahavi604/Desktop/training_crops_selected/180_SAMARKHA_CHOKDI/f800_b41.png,?
/Users/shahavi604/Desktop/training_crops_selected/180_SAMARKHA_CHOKDI/f8025_b379.png,SKIP
/Users/shahavi604/Desktop/training_crops_selected/180_SAMARKHA_CHOKDI/f8050_b380.png,SKIP
/Users/shahavi604/Desktop/training_crops_selected/180_SAMARKHA_CHOKDI/f8075_b381.png,GJ23CG8599
/Users/shahavi604/Desktop/training_crops_selected/180_SAMARKHA_CHOKDI/f8150_b382.png,SKIP
/Users/shahavi604/Desktop/training_crops_selected/180_SAMARKHA_CHOKDI/f8150_b383.png,SKIP
/Users/shahavi604/Desktop/training_crops_selected/180_SAMARKHA_CHOKDI/f8175_b384.png,?
/Users/shahavi604/Desktop/training_crops_selected/180_SAMARKHA_CHOKDI/f8175_b385.png,?
/Users/shahavi604/Desktop/training_crops_selected/180_SAMARKHA_CHOKDI/f8175_b386.png,SKIP
/Users/shahavi604/Desktop/training_crops_selected/180_SAMARKHA_CHOKDI/f8250_b388.png,GJ23CJ1579
/Users/shahavi604/Desktop/training_crops_selected/180_SAMARKHA_CHOKDI/f825_b42.png,SKIP
/Users/shahavi604/Desktop/training_crops_selected/180_SAMARKHA_CHOKDI/f8275_b389.png,SKIP
/Users/shahavi604/Desktop/training_crops_selected/180_SAMARKHA_CHOKDI/f8300_b390.png,?
/Users/shahavi604/Desktop/training_crops_selected/180_SAMARKHA_CHOKDI/f8350_b391.png,SKIP
/Users/shahavi604/Desktop/training_crops_selected/180_SAMARKHA_CHOKDI/f8375_b392.png,SKIP
/Users/shahavi604/Desktop/training_crops_selected/180_SAMARKHA_CHOKDI/f8400_b393.png,GJ08AP5920
/Users/shahavi604/Desktop/training_crops_selected/180_SAMARKHA_CHOKDI/f8400_b394.png,SKIP
/Users/shahavi604/Desktop/training_crops_selected/180_SAMARKHA_CHOKDI/f8425_b395.png,SKIP
/Users/shahavi604/Desktop/training_crops_selected/180_SAMARKHA_CHOKDI/f8425_b396.png,SKIP
/Users/shahavi604/Desktop/training_crops_selected/180_SAMARKHA_CHOKDI/f8450_b397.png,SKIP
/Users/shahavi604/Desktop/training_crops_selected/180_SAMARKHA_CHOKDI/f8475_b399.png,?
/Users/shahavi604/Desktop/training_crops_selected/180_SAMARKHA_CHOKDI/f8475_b400.png,SKIP
/Users/shahavi604/Desktop/training_crops_selected/180_SAMARKHA_CHOKDI/f8500_b401.png,SKIP
/Users/shahavi604/Desktop/training_crops_selected/180_SAMARKHA_CHOKDI/f8500_b402.png,?
/Users/shahavi604/Desktop/training_crops_selected/180_SAMARKHA_CHOKDI/f8500_b403.png,?
/Users/shahavi604/Desktop/training_crops_selected/180_SAMARKHA_CHOKDI/f850_b43.png,GJ01JT4036
/Users/shahavi604/Desktop/training_crops_selected/180_SAMARKHA_CHOKDI/f8525_b404.png,SKIP
/Users/shahavi604/Desktop/training_crops_selected/180_SAMARKHA_CHOKDI/f8525_b405.png,SKIP
/Users/shahavi604/Desktop/training_crops_selected/180_SAMARKHA_CHOKDI/f8550_b406.png,SKIP
/Users/shahavi604/Desktop/training_crops_selected/180_SAMARKHA_CHOKDI/f8575_b407.png,SKIP
/Users/shahavi604/Desktop/training_crops_selected/180_SAMARKHA_CHOKDI/f8600_b408.png,SKIP
/Users/shahavi604/Desktop/training_crops_selected/180_SAMARKHA_CHOKDI/f8625_b410.png,SKIP
/Users/shahavi604/Desktop/training_crops_selected/180_SAMARKHA_CHOKDI/f8625_b411.png,SKIP
/Users/shahavi604/Desktop/training_crops_selected/180_SAMARKHA_CHOKDI/f8650_b412.png,SKIP
/Users/shahavi604/Desktop/training_crops_selected/180_SAMARKHA_CHOKDI/f8650_b413.png,SKIP
/Users/shahavi604/Desktop/training_crops_selected/180_SAMARKHA_CHOKDI/f8650_b414.png,SKIP
/Users/shahavi604/Desktop/training_crops_selected/180_SAMARKHA_CHOKDI/f8650_b415.png,SKIP
/Users/shahavi604/Desktop/training_crops_selected/180_SAMARKHA_CHOKDI/f8675_b416.png,?
/Users/shahavi604/Desktop/training_crops_selected/180_SAMARKHA_CHOKDI/f8675_b417.png,SKIP
/Users/shahavi604/Desktop/training_crops_selected/180_SAMARKHA_CHOKDI/f8675_b418.png,SKIP
/Users/shahavi604/Desktop/training_crops_selected/180_SAMARKHA_CHOKDI/f8700_b419.png,SKIP
/Users/shahavi604/Desktop/training_crops_selected/180_SAMARKHA_CHOKDI/f8700_b420.png,SKIP
/Users/shahavi604/Desktop/training_crops_selected/180_SAMARKHA_CHOKDI/f8700_b421.png,?
/Users/shahavi604/Desktop/training_crops_selected/180_SAMARKHA_CHOKDI/f8700_b422.png,SKIP
/Users/shahavi604/Desktop/training_crops_selected/180_SAMARKHA_CHOKDI/f8700_b423.png,?
/Users/shahavi604/Desktop/training_crops_selected/180_SAMARKHA_CHOKDI/f8725_b425.png,SKIP
/Users/shahavi604/Desktop/training_crops_selected/180_SAMARKHA_CHOKDI/f8750_b426.png,SKIP
/Users/shahavi604/Desktop/training_crops_selected/180_SAMARKHA_CHOKDI/f875_b44.png,?
/Users/shahavi604/Desktop/training_crops_selected/180_SAMARKHA_CHOKDI/f8800_b427.png,GJ06BL7533
/Users/shahavi604/Desktop/training_crops_selected/180_SAMARKHA_CHOKDI/f8800_b428.png,SKIP
/Users/shahavi604/Desktop/training_crops_selected/180_SAMARKHA_CHOKDI/f8800_b429.png,SKIP
/Users/shahavi604/Desktop/training_crops_selected/180_SAMARKHA_CHOKDI/f8875_b430.png,?
/Users/shahavi604/Desktop/training_crops_selected/180_SAMARKHA_CHOKDI/f8900_b431.png,GJ06KP9749
/Users/shahavi604/Desktop/training_crops_selected/180_SAMARKHA_CHOKDI/f9000_b432.png,GJ01WM5059
/Users/shahavi604/Desktop/training_crops_selected/180_SAMARKHA_CHOKDI/f9150_b433.png,?
/Users/shahavi604/Desktop/training_crops_selected/180_SAMARKHA_CHOKDI/f9175_b434.png,SKIP
/Users/shahavi604/Desktop/training_crops_selected/180_SAMARKHA_CHOKDI/f9175_b435.png,SKIP
/Users/shahavi604/Desktop/training_crops_selected/180_SAMARKHA_CHOKDI/f9200_b436.png,SKIP
/Users/shahavi604/Desktop/training_crops_selected/180_SAMARKHA_CHOKDI/f9200_b438.png,SKIP
/Users/shahavi604/Desktop/training_crops_selected/180_SAMARKHA_CHOKDI/f9225_b439.png,?
/Users/shahavi604/Desktop/training_crops_selected/180_SAMARKHA_CHOKDI/f9225_b440.png,?
/Users/shahavi604/Desktop/training_crops_selected/180_SAMARKHA_CHOKDI/f9225_b441.png,SKIP
/Users/shahavi604/Desktop/training_crops_selected/180_SAMARKHA_CHOKDI/f9250_b442.png,?
/Users/shahavi604/Desktop/training_crops_selected/180_SAMARKHA_CHOKDI/f9250_b443.png,SKIP
/Users/shahavi604/Desktop/training_crops_selected/180_SAMARKHA_CHOKDI/f9275_b444.png,SKIP
/Users/shahavi604/Desktop/training_crops_selected/180_SAMARKHA_CHOKDI/f9275_b445.png,SKIP
/Users/shahavi604/Desktop/training_crops_selected/180_SAMARKHA_CHOKDI/f9275_b446.png,SKIP
/Users/shahavi604/Desktop/training_crops_selected/180_SAMARKHA_CHOKDI/f9300_b447.png,SKIP
/Users/shahavi604/Desktop/training_crops_selected/180_SAMARKHA_CHOKDI/f9325_b448.png,?
/Users/shahavi604/Desktop/training_crops_selected/180_SAMARKHA_CHOKDI/f9325_b449.png,SKIP
/Users/shahavi604/Desktop/training_crops_selected/180_SAMARKHA_CHOKDI/f9325_b450.png,SKIP
/Users/shahavi604/Desktop/training_crops_selected/180_SAMARKHA_CHOKDI/f9350_b451.png,?
/Users/shahavi604/Desktop/training_crops_selected/180_SAMARKHA_CHOKDI/f9350_b452.png,GJ17CA1096
/Users/shahavi604/Desktop/training_crops_selected/180_SAMARKHA_CHOKDI/f9375_b454.png,SKIP
/Users/shahavi604/Desktop/training_crops_selected/180_SAMARKHA_CHOKDI/f9400_b455.png,SKIP
/Users/shahavi604/Desktop/training_crops_selected/180_SAMARKHA_CHOKDI/f9425_b456.png,SKIP
/Users/shahavi604/Desktop/training_crops_selected/180_SAMARKHA_CHOKDI/f9425_b457.png,SKIP
/Users/shahavi604/Desktop/training_crops_selected/180_SAMARKHA_CHOKDI/f9450_b458.png,SKIP
/Users/shahavi604/Desktop/training_crops_selected/180_SAMARKHA_CHOKDI/f9450_b459.png,SKIP
/Users/shahavi604/Desktop/training_crops_selected/180_SAMARKHA_CHOKDI/f9500_b460.png,SKIP
/Users/shahavi604/Desktop/training_crops_selected/180_SAMARKHA_CHOKDI/f9500_b461.png,SKIP
/Users/shahavi604/Desktop/training_crops_selected/180_SAMARKHA_CHOKDI/f950_b45.png,SKIP
/Users/shahavi604/Desktop/training_crops_selected/180_SAMARKHA_CHOKDI/f9525_b462.png,SKIP
/Users/shahavi604/Desktop/training_crops_selected/180_SAMARKHA_CHOKDI/f9525_b463.png,SKIP
/Users/shahavi604/Desktop/training_crops_selected/180_SAMARKHA_CHOKDI/f9575_b465.png,SKIP
/Users/shahavi604/Desktop/training_crops_selected/180_SAMARKHA_CHOKDI/f9625_b466.png,SKIP
/Users/shahavi604/Desktop/training_crops_selected/180_SAMARKHA_CHOKDI/f9650_b467.png,?
/Users/shahavi604/Desktop/training_crops_selected/180_SAMARKHA_CHOKDI/f9650_b468.png,SKIP
/Users/shahavi604/Desktop/training_crops_selected/180_SAMARKHA_CHOKDI/f9675_b469.png,?
/Users/shahavi604/Desktop/training_crops_selected/180_SAMARKHA_CHOKDI/f9675_b470.png,SKIP
/Users/shahavi604/Desktop/training_crops_selected/180_SAMARKHA_CHOKDI/f9700_b471.png,SKIP
/Users/shahavi604/Desktop/training_crops_selected/180_SAMARKHA_CHOKDI/f9700_b472.png,SKIP
/Users/shahavi604/Desktop/training_crops_selected/180_SAMARKHA_CHOKDI/f9700_b473.png,SKIP
/Users/shahavi604/Desktop/training_crops_selected/180_SAMARKHA_CHOKDI/f9700_b474.png,SKIP
/Users/shahavi604/Desktop/training_crops_selected/180_SAMARKHA_CHOKDI/f9725_b475.png,GJ23CK3424
/Users/shahavi604/Desktop/training_crops_selected/180_SAMARKHA_CHOKDI/f9725_b476.png,SKIP
/Users/shahavi604/Desktop/training_crops_selected/180_SAMARKHA_CHOKDI/f9750_b478.png,SKIP
/Users/shahavi604/Desktop/training_crops_selected/180_SAMARKHA_CHOKDI/f9775_b479.png,SKIP
/Users/shahavi604/Desktop/training_crops_selected/180_SAMARKHA_CHOKDI/f9775_b480.png,RJ01UB3135
/Users/shahavi604/Desktop/training_crops_selected/180_SAMARKHA_CHOKDI/f9800_b481.png,SKIP
/Users/shahavi604/Desktop/training_crops_selected/180_SAMARKHA_CHOKDI/f9800_b482.png,SKIP
/Users/shahavi604/Desktop/training_crops_selected/180_SAMARKHA_CHOKDI/f9825_b483.png,SKIP
/Users/shahavi604/Desktop/training_crops_selected/180_SAMARKHA_CHOKDI/f9850_b484.png,SKIP
/Users/shahavi604/Desktop/training_crops_selected/180_SAMARKHA_CHOKDI/f9875_b485.png,SKIP
/Users/shahavi604/Desktop/training_crops_selected/180_SAMARKHA_CHOKDI/f9900_b486.png,?
/Users/shahavi604/Desktop/training_crops_selected/180_SAMARKHA_CHOKDI/f9900_b487.png,SKIP
/Users/shahavi604/Desktop/training_crops_selected/180_SAMARKHA_CHOKDI/f9925_b488.png,SKIP
/Users/shahavi604/Desktop/training_crops_selected/180_SAMARKHA_CHOKDI/f9925_b489.png,SKIP
/Users/shahavi604/Desktop/training_crops_selected/180_SAMARKHA_CHOKDI/f9950_b491.png,?
/Users/shahavi604/Desktop/training_crops_selected/180_SAMARKHA_CHOKDI/f9950_b492.png,SKIP
/Users/shahavi604/Desktop/training_crops_selected/142_TOWNHALL/f10025_b654.png,SKIP
/Users/shahavi604/Desktop/training_crops_selected/142_TOWNHALL/f10025_b655.png,SKIP
/Users/shahavi604/Desktop/training_crops_selected/142_TOWNHALL/f10050_b657.png,SKIP
/Users/shahavi604/Desktop/training_crops_selected/142_TOWNHALL/f10075_b658.png,SKIP
/Users/shahavi604/Desktop/training_crops_selected/142_TOWNHALL/f100_b10.png,SKIP
/Users/shahavi604/Desktop/training_crops_selected/142_TOWNHALL/f100_b11.png,GJ06LB0710
/Users/shahavi604/Desktop/training_crops_selected/142_TOWNHALL/f10100_b661.png,SKIP
/Users/shahavi604/Desktop/training_crops_selected/142_TOWNHALL/f10100_b662.png,SKIP
/Users/shahavi604/Desktop/training_crops_selected/142_TOWNHALL/f10100_b664.png,SKIP
/Users/shahavi604/Desktop/training_crops_selected/142_TOWNHALL/f10125_b666.png,SKIP
/Users/shahavi604/Desktop/training_crops_selected/142_TOWNHALL/f10150_b668.png,?
/Users/shahavi604/Desktop/training_crops_selected/142_TOWNHALL/f10175_b671.png,?
/Users/shahavi604/Desktop/training_crops_selected/142_TOWNHALL/f10200_b673.png,SKIP
/Users/shahavi604/Desktop/training_crops_selected/142_TOWNHALL/f10225_b674.png,GJ23CD8500
/Users/shahavi604/Desktop/training_crops_selected/142_TOWNHALL/f10225_b675.png,SKIP
/Users/shahavi604/Desktop/training_crops_selected/142_TOWNHALL/f10250_b677.png,SKIP
/Users/shahavi604/Desktop/training_crops_selected/142_TOWNHALL/f10275_b678.png,SKIP
/Users/shahavi604/Desktop/training_crops_selected/142_TOWNHALL/f10275_b680.png,SKIP
/Users/shahavi604/Desktop/training_crops_selected/142_TOWNHALL/f10300_b683.png,SKIP
/Users/shahavi604/Desktop/training_crops_selected/142_TOWNHALL/f10300_b685.png,?
/Users/shahavi604/Desktop/training_crops_selected/142_TOWNHALL/f10300_b686.png,?
/Users/shahavi604/Desktop/training_crops_selected/142_TOWNHALL/f10325_b689.png,SKIP
/Users/shahavi604/Desktop/training_crops_selected/142_TOWNHALL/f10325_b691.png,SKIP
/Users/shahavi604/Desktop/training_crops_selected/142_TOWNHALL/f10325_b692.png,SKIP
/Users/shahavi604/Desktop/training_crops_selected/142_TOWNHALL/f10350_b693.png,SKIP
/Users/shahavi604/Desktop/training_crops_selected/142_TOWNHALL/f10350_b695.png,SKIP
/Users/shahavi604/Desktop/training_crops_selected/142_TOWNHALL/f10350_b696.png,?
/Users/shahavi604/Desktop/training_crops_selected/142_TOWNHALL/f10375_b698.png,SKIP
/Users/shahavi604/Desktop/training_crops_selected/142_TOWNHALL/f10400_b702.png,SKIP
/Users/shahavi604/Desktop/training_crops_selected/142_TOWNHALL/f10400_b703.png,SKIP
/Users/shahavi604/Desktop/training_crops_selected/142_TOWNHALL/f10425_b705.png,SKIP
/Users/shahavi604/Desktop/training_crops_selected/142_TOWNHALL/f10425_b706.png,SKIP
/Users/shahavi604/Desktop/training_crops_selected/142_TOWNHALL/f10450_b707.png,SKIP
/Users/shahavi604/Desktop/training_crops_selected/142_TOWNHALL/f10450_b708.png,?
/Users/shahavi604/Desktop/training_crops_selected/142_TOWNHALL/f10475_b711.png,SKIP
/Users/shahavi604/Desktop/training_crops_selected/142_TOWNHALL/f10475_b712.png,SKIP
/Users/shahavi604/Desktop/training_crops_selected/142_TOWNHALL/f10500_b714.png,SKIP
/Users/shahavi604/Desktop/training_crops_selected/142_TOWNHALL/f1050_b142.png,SKIP
/Users/shahavi604/Desktop/training_crops_selected/142_TOWNHALL/f10525_b717.png,SKIP
/Users/shahavi604/Desktop/training_crops_selected/142_TOWNHALL/f10550_b719.png,SKIP
/Users/shahavi604/Desktop/training_crops_selected/142_TOWNHALL/f10575_b721.png,SKIP
/Users/shahavi604/Desktop/training_crops_selected/142_TOWNHALL/f10575_b722.png,SKIP
/Users/shahavi604/Desktop/training_crops_selected/142_TOWNHALL/f10600_b724.png,SKIP
/Users/shahavi604/Desktop/training_crops_selected/142_TOWNHALL/f10625_b727.png,SKIP
/Users/shahavi604/Desktop/training_crops_selected/142_TOWNHALL/f10625_b728.png,?
/Users/shahavi604/Desktop/training_crops_selected/142_TOWNHALL/f10650_b730.png,SKIP
/Users/shahavi604/Desktop/training_crops_selected/142_TOWNHALL/f10650_b731.png,SKIP
/Users/shahavi604/Desktop/training_crops_selected/142_TOWNHALL/f10675_b733.png,SKIP
/Users/shahavi604/Desktop/training_crops_selected/142_TOWNHALL/f10675_b735.png,SKIP
/Users/shahavi604/Desktop/training_crops_selected/142_TOWNHALL/f10700_b737.png,SKIP
/Users/shahavi604/Desktop/training_crops_selected/142_TOWNHALL/f10700_b739.png,SKIP
/Users/shahavi604/Desktop/training_crops_selected/142_TOWNHALL/f10700_b741.png,SKIP
/Users/shahavi604/Desktop/training_crops_selected/142_TOWNHALL/f10725_b742.png,SKIP
/Users/shahavi604/Desktop/training_crops_selected/142_TOWNHALL/f10725_b744.png,SKIP
/Users/shahavi604/Desktop/training_crops_selected/142_TOWNHALL/f10750_b746.png,SKIP
/Users/shahavi604/Desktop/training_crops_selected/142_TOWNHALL/f10750_b749.png,SKIP
/Users/shahavi604/Desktop/training_crops_selected/142_TOWNHALL/f10750_b750.png,SKIP
/Users/shahavi604/Desktop/training_crops_selected/142_TOWNHALL/f1075_b143.png,SKIP
/Users/shahavi604/Desktop/training_crops_selected/142_TOWNHALL/f10775_b751.png,SKIP
/Users/shahavi604/Desktop/training_crops_selected/142_TOWNHALL/f10775_b752.png,SKIP
/Users/shahavi604/Desktop/training_crops_selected/142_TOWNHALL/f10775_b754.png,?
/Users/shahavi604/Desktop/training_crops_selected/142_TOWNHALL/f10800_b756.png,SKIP
/Users/shahavi604/Desktop/training_crops_selected/142_TOWNHALL/f10800_b758.png,SKIP
/Users/shahavi604/Desktop/training_crops_selected/142_TOWNHALL/f10800_b761.png,SKIP
/Users/shahavi604/Desktop/training_crops_selected/142_TOWNHALL/f10825_b762.png,SKIP
/Users/shahavi604/Desktop/training_crops_selected/142_TOWNHALL/f10825_b764.png,SKIP
/Users/shahavi604/Desktop/training_crops_selected/142_TOWNHALL/f10850_b767.png,SKIP
/Users/shahavi604/Desktop/training_crops_selected/142_TOWNHALL/f10850_b769.png,SKIP
/Users/shahavi604/Desktop/training_crops_selected/142_TOWNHALL/f10850_b770.png,SKIP
/Users/shahavi604/Desktop/training_crops_selected/142_TOWNHALL/f10850_b771.png,SKIP
/Users/shahavi604/Desktop/training_crops_selected/142_TOWNHALL/f10875_b772.png,SKIP
/Users/shahavi604/Desktop/training_crops_selected/142_TOWNHALL/f10875_b774.png,SKIP
/Users/shahavi604/Desktop/training_crops_selected/142_TOWNHALL/f10900_b777.png,SKIP
/Users/shahavi604/Desktop/training_crops_selected/142_TOWNHALL/f10900_b778.png,SKIP
/Users/shahavi604/Desktop/training_crops_selected/142_TOWNHALL/f10900_b779.png,?
/Users/shahavi604/Desktop/training_crops_selected/142_TOWNHALL/f10925_b781.png,SKIP
/Users/shahavi604/Desktop/training_crops_selected/142_TOWNHALL/f10925_b783.png,GJ35N5744
/Users/shahavi604/Desktop/training_crops_selected/142_TOWNHALL/f10925_b784.png,SKIP
/Users/shahavi604/Desktop/training_crops_selected/142_TOWNHALL/f10950_b787.png,SKIP
/Users/shahavi604/Desktop/training_crops_selected/142_TOWNHALL/f10950_b788.png,SKIP
/Users/shahavi604/Desktop/training_crops_selected/142_TOWNHALL/f10950_b791.png,SKIP
/Users/shahavi604/Desktop/training_crops_selected/142_TOWNHALL/f10975_b792.png,SKIP
/Users/shahavi604/Desktop/training_crops_selected/142_TOWNHALL/f10975_b793.png,SKIP
/Users/shahavi604/Desktop/training_crops_selected/142_TOWNHALL/f10975_b794.png,SKIP
/Users/shahavi604/Desktop/training_crops_selected/142_TOWNHALL/f11000_b798.png,SKIP
/Users/shahavi604/Desktop/training_crops_selected/142_TOWNHALL/f11000_b801.png,SKIP
/Users/shahavi604/Desktop/training_crops_selected/142_TOWNHALL/f11025_b803.png,SKIP
/Users/shahavi604/Desktop/training_crops_selected/142_TOWNHALL/f11025_b805.png,SKIP
/Users/shahavi604/Desktop/training_crops_selected/142_TOWNHALL/f11025_b806.png,SKIP
/Users/shahavi604/Desktop/training_crops_selected/142_TOWNHALL/f11050_b807.png,SKIP
/Users/shahavi604/Desktop/training_crops_selected/142_TOWNHALL/f11050_b808.png,SKIP
/Users/shahavi604/Desktop/training_crops_selected/142_TOWNHALL/f11050_b811.png,SKIP
/Users/shahavi604/Desktop/training_crops_selected/142_TOWNHALL/f11075_b813.png,SKIP
/Users/shahavi604/Desktop/training_crops_selected/142_TOWNHALL/f11075_b815.png,SKIP
/Users/shahavi604/Desktop/training_crops_selected/142_TOWNHALL/f11100_b816.png,SKIP
/Users/shahavi604/Desktop/training_crops_selected/142_TOWNHALL/f11100_b819.png,SKIP
/Users/shahavi604/Desktop/training_crops_selected/142_TOWNHALL/f11125_b821.png,SKIP
/Users/shahavi604/Desktop/training_crops_selected/142_TOWNHALL/f11150_b822.png,SKIP
/Users/shahavi604/Desktop/training_crops_selected/142_TOWNHALL/f11150_b824.png,SKIP
/Users/shahavi604/Desktop/training_crops_selected/142_TOWNHALL/f11175_b827.png,SKIP
/Users/shahavi604/Desktop/training_crops_selected/142_TOWNHALL/f11175_b828.png,SKIP
/Users/shahavi604/Desktop/training_crops_selected/142_TOWNHALL/f11200_b829.png,SKIP
/Users/shahavi604/Desktop/training_crops_selected/142_TOWNHALL/f11200_b831.png,SKIP
/Users/shahavi604/Desktop/training_crops_selected/142_TOWNHALL/f11225_b833.png,SKIP
/Users/shahavi604/Desktop/training_crops_selected/142_TOWNHALL/f11225_b834.png,SKIP
/Users/shahavi604/Desktop/training_crops_selected/142_TOWNHALL/f11250_b836.png,SKIP
/Users/shahavi604/Desktop/training_crops_selected/142_TOWNHALL/f11250_b838.png,SKIP
/Users/shahavi604/Desktop/training_crops_selected/142_TOWNHALL/f1125_b146.png,SKIP
/Users/shahavi604/Desktop/training_crops_selected/142_TOWNHALL/f11275_b839.png,SKIP
/Users/shahavi604/Desktop/training_crops_selected/142_TOWNHALL/f11275_b841.png,?
/Users/shahavi604/Desktop/training_crops_selected/142_TOWNHALL/f11275_b842.png,SKIP
/Users/shahavi604/Desktop/training_crops_selected/142_TOWNHALL/f11300_b845.png,?
/Users/shahavi604/Desktop/training_crops_selected/142_TOWNHALL/f11325_b847.png,GJ27EG6657
/Users/shahavi604/Desktop/training_crops_selected/142_TOWNHALL/f11350_b849.png,GJ27EG6657
/Users/shahavi604/Desktop/training_crops_selected/142_TOWNHALL/f11375_b852.png,SKIP
/Users/shahavi604/Desktop/training_crops_selected/142_TOWNHALL/f11375_b853.png,SKIP
/Users/shahavi604/Desktop/training_crops_selected/142_TOWNHALL/f11400_b854.png,GJ01KY7836
/Users/shahavi604/Desktop/training_crops_selected/142_TOWNHALL/f11425_b856.png,SKIP
/Users/shahavi604/Desktop/training_crops_selected/142_TOWNHALL/f11450_b858.png,GJ01HY2932
/Users/shahavi604/Desktop/training_crops_selected/142_TOWNHALL/f11475_b860.png,GJ23CJ6897
/Users/shahavi604/Desktop/training_crops_selected/142_TOWNHALL/f11500_b862.png,GJ23CJ6897
/Users/shahavi604/Desktop/training_crops_selected/142_TOWNHALL/f11500_b863.png,SKIP
/Users/shahavi604/Desktop/training_crops_selected/142_TOWNHALL/f11525_b864.png,GJ23CJ6897
/Users/shahavi604/Desktop/training_crops_selected/142_TOWNHALL/f11550_b866.png,SKIP
/Users/shahavi604/Desktop/training_crops_selected/142_TOWNHALL/f11650_b869.png,GJ23CA3989
/Users/shahavi604/Desktop/training_crops_selected/142_TOWNHALL/f11675_b871.png,GJ23CA3989
/Users/shahavi604/Desktop/training_crops_selected/142_TOWNHALL/f11700_b872.png,SKIP
/Users/shahavi604/Desktop/training_crops_selected/142_TOWNHALL/f11700_b874.png,SKIP
/Users/shahavi604/Desktop/training_crops_selected/142_TOWNHALL/f11725_b876.png,SKIP
/Users/shahavi604/Desktop/training_crops_selected/142_TOWNHALL/f11725_b878.png,?
/Users/shahavi604/Desktop/training_crops_selected/142_TOWNHALL/f1175_b148.png,SKIP
/Users/shahavi604/Desktop/training_crops_selected/142_TOWNHALL/f11800_b880.png,GJ23EF3761
/Users/shahavi604/Desktop/training_crops_selected/142_TOWNHALL/f11825_b881.png,?
/Users/shahavi604/Desktop/training_crops_selected/142_TOWNHALL/f11850_b882.png,?
/Users/shahavi604/Desktop/training_crops_selected/142_TOWNHALL/f11900_b885.png,GJ23AU7987
/Users/shahavi604/Desktop/training_crops_selected/142_TOWNHALL/f11925_b886.png,?
/Users/shahavi604/Desktop/training_crops_selected/142_TOWNHALL/f11950_b888.png,?
/Users/shahavi604/Desktop/training_crops_selected/142_TOWNHALL/f11950_b890.png,?
/Users/shahavi604/Desktop/training_crops_selected/142_TOWNHALL/f11975_b892.png,?
/Users/shahavi604/Desktop/training_crops_selected/142_TOWNHALL/f12025_b894.png,GJ23DK5285
/Users/shahavi604/Desktop/training_crops_selected/142_TOWNHALL/f12025_b897.png,?
/Users/shahavi604/Desktop/training_crops_selected/142_TOWNHALL/f12050_b898.png,SKIP
/Users/shahavi604/Desktop/training_crops_selected/142_TOWNHALL/f12100_b899.png,SKIP
/Users/shahavi604/Desktop/training_crops_selected/142_TOWNHALL/f12125_b902.png,?
/Users/shahavi604/Desktop/training_crops_selected/142_TOWNHALL/f12150_b903.png,?
/Users/shahavi604/Desktop/training_crops_selected/142_TOWNHALL/f12175_b905.png,SKIP
/Users/shahavi604/Desktop/training_crops_selected/142_TOWNHALL/f12200_b907.png,GJ23CH4075
/Users/shahavi604/Desktop/training_crops_selected/142_TOWNHALL/f12200_b908.png,SKIP
/Users/shahavi604/Desktop/training_crops_selected/142_TOWNHALL/f12250_b910.png,GJ23CH4075
/Users/shahavi604/Desktop/training_crops_selected/142_TOWNHALL/f1225_b149.png,GJ23Z7864
/Users/shahavi604/Desktop/training_crops_selected/142_TOWNHALL/f12275_b912.png,SKIP
/Users/shahavi604/Desktop/training_crops_selected/142_TOWNHALL/f12300_b915.png,SKIP
/Users/shahavi604/Desktop/training_crops_selected/142_TOWNHALL/f12300_b916.png,?
/Users/shahavi604/Desktop/training_crops_selected/142_TOWNHALL/f12325_b917.png,GJ06PN8442
/Users/shahavi604/Desktop/training_crops_selected/142_TOWNHALL/f12325_b919.png,?
/Users/shahavi604/Desktop/training_crops_selected/142_TOWNHALL/f12350_b921.png,GJ06PN8442
/Users/shahavi604/Desktop/training_crops_selected/142_TOWNHALL/f12375_b923.png,SKIP
/Users/shahavi604/Desktop/training_crops_selected/142_TOWNHALL/f12375_b925.png,?
/Users/shahavi604/Desktop/training_crops_selected/142_TOWNHALL/f12400_b926.png,GJ23DC4160
/Users/shahavi604/Desktop/training_crops_selected/142_TOWNHALL/f12425_b929.png,?
/Users/shahavi604/Desktop/training_crops_selected/142_TOWNHALL/f12450_b930.png,GJ23CK1110
/Users/shahavi604/Desktop/training_crops_selected/142_TOWNHALL/f12475_b932.png,?
/Users/shahavi604/Desktop/training_crops_selected/142_TOWNHALL/f12475_b934.png,GJ23GA0545
/Users/shahavi604/Desktop/training_crops_selected/142_TOWNHALL/f12500_b936.png,GJ01HT9349
/Users/shahavi604/Desktop/training_crops_selected/142_TOWNHALL/f12500_b937.png,SKIP
/Users/shahavi604/Desktop/training_crops_selected/142_TOWNHALL/f12525_b939.png,SKIP
/Users/shahavi604/Desktop/training_crops_selected/142_TOWNHALL/f12525_b941.png,?
/Users/shahavi604/Desktop/training_crops_selected/142_TOWNHALL/f12550_b943.png,SKIP
/Users/shahavi604/Desktop/training_crops_selected/142_TOWNHALL/f12575_b944.png,?
/Users/shahavi604/Desktop/training_crops_selected/142_TOWNHALL/f12575_b946.png,SKIP
/Users/shahavi604/Desktop/training_crops_selected/142_TOWNHALL/f125_b12.png,SKIP
/Users/shahavi604/Desktop/training_crops_selected/142_TOWNHALL/f125_b14.png,?
/Users/shahavi604/Desktop/training_crops_selected/142_TOWNHALL/f125_b16.png,SKIP
/Users/shahavi604/Desktop/training_crops_selected/142_TOWNHALL/f12600_b948.png,GJ31R9029
/Users/shahavi604/Desktop/training_crops_selected/142_TOWNHALL/f12600_b950.png,?
/Users/shahavi604/Desktop/training_crops_selected/142_TOWNHALL/f12600_b953.png,SKIP
/Users/shahavi604/Desktop/training_crops_selected/142_TOWNHALL/f12600_b954.png,SKIP
/Users/shahavi604/Desktop/training_crops_selected/142_TOWNHALL/f12625_b955.png,?
/Users/shahavi604/Desktop/training_crops_selected/142_TOWNHALL/f12625_b956.png,SKIP
/Users/shahavi604/Desktop/training_crops_selected/142_TOWNHALL/f12650_b959.png,GJ06DQ3144
/Users/shahavi604/Desktop/training_crops_selected/142_TOWNHALL/f12650_b960.png,SKIP
/Users/shahavi604/Desktop/training_crops_selected/142_TOWNHALL/f12675_b963.png,?
/Users/shahavi604/Desktop/training_crops_selected/142_TOWNHALL/f12675_b965.png,SKIP
/Users/shahavi604/Desktop/training_crops_selected/142_TOWNHALL/f12700_b967.png,?
/Users/shahavi604/Desktop/training_crops_selected/142_TOWNHALL/f12700_b968.png,?
/Users/shahavi604/Desktop/training_crops_selected/142_TOWNHALL/f12725_b971.png,?
/Users/shahavi604/Desktop/training_crops_selected/142_TOWNHALL/f12725_b972.png,?
/Users/shahavi604/Desktop/training_crops_selected/142_TOWNHALL/f12750_b973.png,SKIP
/Users/shahavi604/Desktop/training_crops_selected/142_TOWNHALL/f12750_b974.png,?
/Users/shahavi604/Desktop/training_crops_selected/142_TOWNHALL/f12750_b976.png,GJ07DK0641
/Users/shahavi604/Desktop/training_crops_selected/142_TOWNHALL/f1275_b151.png,SKIP
/Users/shahavi604/Desktop/training_crops_selected/142_TOWNHALL/f12775_b978.png,SKIP
/Users/shahavi604/Desktop/training_crops_selected/142_TOWNHALL/f12800_b981.png,SKIP
/Users/shahavi604/Desktop/training_crops_selected/142_TOWNHALL/f12800_b983.png,SKIP
/Users/shahavi604/Desktop/training_crops_selected/142_TOWNHALL/f12825_b985.png,SKIP
/Users/shahavi604/Desktop/training_crops_selected/142_TOWNHALL/f12850_b987.png,SKIP
/Users/shahavi604/Desktop/training_crops_selected/142_TOWNHALL/f12850_b988.png,SKIP
/Users/shahavi604/Desktop/training_crops_selected/142_TOWNHALL/f12875_b990.png,SKIP
/Users/shahavi604/Desktop/training_crops_selected/142_TOWNHALL/f12875_b992.png,?
/Users/shahavi604/Desktop/training_crops_selected/142_TOWNHALL/f12875_b994.png,SKIP
/Users/shahavi604/Desktop/training_crops_selected/142_TOWNHALL/f12900_b995.png,SKIP
/Users/shahavi604/Desktop/training_crops_selected/142_TOWNHALL/f12900_b997.png,SKIP
/Users/shahavi604/Desktop/training_crops_selected/142_TOWNHALL/f12925_b999.png,?
/Users/shahavi604/Desktop/training_crops_selected/142_TOWNHALL/f12950_b1000.png,SKIP
/Users/shahavi604/Desktop/training_crops_selected/142_TOWNHALL/f12950_b1001.png,GJ27Z5916
/Users/shahavi604/Desktop/training_crops_selected/142_TOWNHALL/f12975_b1005.png,SKIP
/Users/shahavi604/Desktop/training_crops_selected/142_TOWNHALL/f12975_b1006.png,SKIP
/Users/shahavi604/Desktop/training_crops_selected/142_TOWNHALL/f13000_b1008.png,SKIP
/Users/shahavi604/Desktop/training_crops_selected/142_TOWNHALL/f1300_b153.png,SKIP
/Users/shahavi604/Desktop/training_crops_selected/142_TOWNHALL/f13025_b1011.png,SKIP
/Users/shahavi604/Desktop/training_crops_selected/142_TOWNHALL/f13025_b1013.png,SKIP
/Users/shahavi604/Desktop/training_crops_selected/142_TOWNHALL/f13025_b1014.png,SKIP
/Users/shahavi604/Desktop/training_crops_selected/142_TOWNHALL/f13050_b1015.png,GJ23Z5916
/Users/shahavi604/Desktop/training_crops_selected/142_TOWNHALL/f13050_b1016.png,SKIP
/Users/shahavi604/Desktop/training_crops_selected/142_TOWNHALL/f13075_b1018.png,SKIP
/Users/shahavi604/Desktop/training_crops_selected/142_TOWNHALL/f13075_b1021.png,GJ23Z5916
/Users/shahavi604/Desktop/training_crops_selected/142_TOWNHALL/f13100_b1023.png,SKIP
/Users/shahavi604/Desktop/training_crops_selected/142_TOWNHALL/f13100_b1025.png,SKIP
/Users/shahavi604/Desktop/training_crops_selected/142_TOWNHALL/f13100_b1026.png,?
/Users/shahavi604/Desktop/training_crops_selected/142_TOWNHALL/f13125_b1029.png,SKIP
/Users/shahavi604/Desktop/training_crops_selected/142_TOWNHALL/f13125_b1030.png,SKIP
/Users/shahavi604/Desktop/training_crops_selected/142_TOWNHALL/f13150_b1031.png,?
/Users/shahavi604/Desktop/training_crops_selected/142_TOWNHALL/f13150_b1033.png,SKIP
/Users/shahavi604/Desktop/training_crops_selected/142_TOWNHALL/f13175_b1034.png,SKIP
/Users/shahavi604/Desktop/training_crops_selected/142_TOWNHALL/f13175_b1037.png,SKIP
/Users/shahavi604/Desktop/training_crops_selected/142_TOWNHALL/f13200_b1038.png,SKIP
/Users/shahavi604/Desktop/training_crops_selected/142_TOWNHALL/f13200_b1041.png,SKIP
/Users/shahavi604/Desktop/training_crops_selected/142_TOWNHALL/f13200_b1042.png,SKIP
/Users/shahavi604/Desktop/training_crops_selected/142_TOWNHALL/f13225_b1044.png,SKIP
/Users/shahavi604/Desktop/training_crops_selected/142_TOWNHALL/f13225_b1046.png,SKIP
/Users/shahavi604/Desktop/training_crops_selected/142_TOWNHALL/f13250_b1047.png,?
/Users/shahavi604/Desktop/training_crops_selected/142_TOWNHALL/f13250_b1049.png,SKIP
/Users/shahavi604/Desktop/training_crops_selected/142_TOWNHALL/f13250_b1050.png,SKIP
/Users/shahavi604/Desktop/training_crops_selected/142_TOWNHALL/f13275_b1053.png,SKIP
/Users/shahavi604/Desktop/training_crops_selected/142_TOWNHALL/f13300_b1055.png,?
/Users/shahavi604/Desktop/training_crops_selected/142_TOWNHALL/f13300_b1057.png,SKIP
/Users/shahavi604/Desktop/training_crops_selected/142_TOWNHALL/f13300_b1058.png,SKIP
/Users/shahavi604/Desktop/training_crops_selected/142_TOWNHALL/f13325_b1061.png,SKIP
/Users/shahavi604/Desktop/training_crops_selected/142_TOWNHALL/f13325_b1062.png,SKIP
/Users/shahavi604/Desktop/training_crops_selected/142_TOWNHALL/f13325_b1065.png,SKIP
/Users/shahavi604/Desktop/training_crops_selected/142_TOWNHALL/f13325_b1066.png,SKIP
/Users/shahavi604/Desktop/training_crops_selected/142_TOWNHALL/f13350_b1067.png,SKIP
/Users/shahavi604/Desktop/training_crops_selected/142_TOWNHALL/f13350_b1069.png,GJ23CE3012
/Users/shahavi604/Desktop/training_crops_selected/142_TOWNHALL/f13350_b1071.png,GJ23CE3012
/Users/shahavi604/Desktop/training_crops_selected/142_TOWNHALL/f13375_b1072.png,GJ23CE3012
/Users/shahavi604/Desktop/training_crops_selected/142_TOWNHALL/f13375_b1075.png,?
/Users/shahavi604/Desktop/training_crops_selected/142_TOWNHALL/f13400_b1077.png,GJ23CE3012
/Users/shahavi604/Desktop/training_crops_selected/142_TOWNHALL/f13400_b1079.png,SKIP
/Users/shahavi604/Desktop/training_crops_selected/142_TOWNHALL/f13400_b1081.png,SKIP
/Users/shahavi604/Desktop/training_crops_selected/142_TOWNHALL/f13400_b1082.png,SKIP
/Users/shahavi604/Desktop/training_crops_selected/142_TOWNHALL/f13425_b1084.png,SKIP
/Users/shahavi604/Desktop/training_crops_selected/142_TOWNHALL/f13425_b1086.png,SKIP
/Users/shahavi604/Desktop/training_crops_selected/142_TOWNHALL/f13425_b1087.png,SKIP
/Users/shahavi604/Desktop/training_crops_selected/142_TOWNHALL/f13450_b1088.png,SKIP
/Users/shahavi604/Desktop/training_crops_selected/142_TOWNHALL/f13450_b1090.png,SKIP
/Users/shahavi604/Desktop/training_crops_selected/142_TOWNHALL/f13450_b1093.png,SKIP
/Users/shahavi604/Desktop/training_crops_selected/142_TOWNHALL/f13475_b1094.png,SKIP
/Users/shahavi604/Desktop/training_crops_selected/142_TOWNHALL/f13475_b1096.png,SKIP
/Users/shahavi604/Desktop/training_crops_selected/142_TOWNHALL/f13475_b1098.png,SKIP
/Users/shahavi604/Desktop/training_crops_selected/142_TOWNHALL/f13500_b1101.png,SKIP
/Users/shahavi604/Desktop/training_crops_selected/142_TOWNHALL/f13500_b1102.png,SKIP
/Users/shahavi604/Desktop/training_crops_selected/142_TOWNHALL/f13525_b1104.png,SKIP
/Users/shahavi604/Desktop/training_crops_selected/142_TOWNHALL/f13525_b1105.png,SKIP
/Users/shahavi604/Desktop/training_crops_selected/142_TOWNHALL/f13525_b1106.png,SKIP
/Users/shahavi604/Desktop/training_crops_selected/142_TOWNHALL/f13550_b1109.png,SKIP
/Users/shahavi604/Desktop/training_crops_selected/142_TOWNHALL/f13550_b1110.png,SKIP
/Users/shahavi604/Desktop/training_crops_selected/142_TOWNHALL/f13550_b1113.png,SKIP
/Users/shahavi604/Desktop/training_crops_selected/142_TOWNHALL/f13575_b1114.png,SKIP
/Users/shahavi604/Desktop/training_crops_selected/142_TOWNHALL/f13575_b1116.png,SKIP
/Users/shahavi604/Desktop/training_crops_selected/142_TOWNHALL/f13575_b1119.png,SKIP
/Users/shahavi604/Desktop/training_crops_selected/142_TOWNHALL/f13600_b1120.png,?
/Users/shahavi604/Desktop/training_crops_selected/142_TOWNHALL/f13600_b1122.png,SKIP
/Users/shahavi604/Desktop/training_crops_selected/142_TOWNHALL/f13600_b1123.png,SKIP
/Users/shahavi604/Desktop/training_crops_selected/142_TOWNHALL/f13600_b1125.png,SKIP
/Users/shahavi604/Desktop/training_crops_selected/142_TOWNHALL/f13625_b1127.png,SKIP
/Users/shahavi604/Desktop/training_crops_selected/142_TOWNHALL/f13650_b1129.png,SKIP
/Users/shahavi604/Desktop/training_crops_selected/142_TOWNHALL/f13650_b1131.png,SKIP
/Users/shahavi604/Desktop/training_crops_selected/142_TOWNHALL/f13675_b1132.png,GJ23CE6892
/Users/shahavi604/Desktop/training_crops_selected/142_TOWNHALL/f13675_b1134.png,SKIP
/Users/shahavi604/Desktop/training_crops_selected/142_TOWNHALL/f13675_b1136.png,SKIP
/Users/shahavi604/Desktop/training_crops_selected/142_TOWNHALL/f13700_b1138.png,SKIP
/Users/shahavi604/Desktop/training_crops_selected/142_TOWNHALL/f13700_b1141.png,SKIP
/Users/shahavi604/Desktop/training_crops_selected/142_TOWNHALL/f13725_b1143.png,SKIP
/Users/shahavi604/Desktop/training_crops_selected/142_TOWNHALL/f13725_b1145.png,SKIP
/Users/shahavi604/Desktop/training_crops_selected/142_TOWNHALL/f13725_b1146.png,SKIP
/Users/shahavi604/Desktop/training_crops_selected/142_TOWNHALL/f13750_b1148.png,SKIP
/Users/shahavi604/Desktop/training_crops_selected/142_TOWNHALL/f13750_b1150.png,SKIP
/Users/shahavi604/Desktop/training_crops_selected/142_TOWNHALL/f1375_b156.png,?
/Users/shahavi604/Desktop/training_crops_selected/142_TOWNHALL/f13775_b1151.png,SKIP
/Users/shahavi604/Desktop/training_crops_selected/142_TOWNHALL/f13775_b1152.png,SKIP
/Users/shahavi604/Desktop/training_crops_selected/142_TOWNHALL/f13800_b1154.png,SKIP
/Users/shahavi604/Desktop/training_crops_selected/142_TOWNHALL/f13800_b1157.png,SKIP
/Users/shahavi604/Desktop/training_crops_selected/142_TOWNHALL/f13825_b1159.png,SKIP
/Users/shahavi604/Desktop/training_crops_selected/142_TOWNHALL/f13825_b1160.png,SKIP
/Users/shahavi604/Desktop/training_crops_selected/142_TOWNHALL/f13850_b1161.png,SKIP
/Users/shahavi604/Desktop/training_crops_selected/142_TOWNHALL/f13850_b1163.png,SKIP
/Users/shahavi604/Desktop/training_crops_selected/142_TOWNHALL/f13850_b1164.png,SKIP
/Users/shahavi604/Desktop/training_crops_selected/142_TOWNHALL/f13875_b1166.png,SKIP
/Users/shahavi604/Desktop/training_crops_selected/142_TOWNHALL/f13900_b1169.png,SKIP
/Users/shahavi604/Desktop/training_crops_selected/142_TOWNHALL/f13900_b1171.png,SKIP
/Users/shahavi604/Desktop/training_crops_selected/142_TOWNHALL/f13900_b1173.png,SKIP
/Users/shahavi604/Desktop/training_crops_selected/142_TOWNHALL/f13900_b1174.png,SKIP
/Users/shahavi604/Desktop/training_crops_selected/142_TOWNHALL/f13925_b1176.png,SKIP
/Users/shahavi604/Desktop/training_crops_selected/142_TOWNHALL/f13925_b1179.png,GJ23BL0957
/Users/shahavi604/Desktop/training_crops_selected/142_TOWNHALL/f13950_b1180.png,SKIP
/Users/shahavi604/Desktop/training_crops_selected/142_TOWNHALL/f13950_b1181.png,SKIP
/Users/shahavi604/Desktop/training_crops_selected/142_TOWNHALL/f13950_b1183.png,?
/Users/shahavi604/Desktop/training_crops_selected/142_TOWNHALL/f13950_b1185.png,?
/Users/shahavi604/Desktop/training_crops_selected/142_TOWNHALL/f13975_b1187.png,SKIP
/Users/shahavi604/Desktop/training_crops_selected/142_TOWNHALL/f13975_b1188.png,SKIP
/Users/shahavi604/Desktop/training_crops_selected/142_TOWNHALL/f13975_b1190.png,?
/Users/shahavi604/Desktop/training_crops_selected/142_TOWNHALL/f14000_b1192.png,SKIP
/Users/shahavi604/Desktop/training_crops_selected/142_TOWNHALL/f14000_b1195.png,GJ23X2032
/Users/shahavi604/Desktop/training_crops_selected/142_TOWNHALL/f14000_b1196.png,GJ23X2032
/Users/shahavi604/Desktop/training_crops_selected/142_TOWNHALL/f1400_b157.png,SKIP
/Users/shahavi604/Desktop/training_crops_selected/142_TOWNHALL/f14025_b1199.png,GJ23X2032
/Users/shahavi604/Desktop/training_crops_selected/142_TOWNHALL/f14025_b1201.png,SKIP
/Users/shahavi604/Desktop/training_crops_selected/142_TOWNHALL/f14025_b1202.png,GJ23X2032
/Users/shahavi604/Desktop/training_crops_selected/142_TOWNHALL/f14050_b1203.png,SKIP
/Users/shahavi604/Desktop/training_crops_selected/142_TOWNHALL/f14050_b1205.png,SKIP
/Users/shahavi604/Desktop/training_crops_selected/142_TOWNHALL/f14075_b1207.png,SKIP
/Users/shahavi604/Desktop/training_crops_selected/142_TOWNHALL/f14075_b1208.png,SKIP
/Users/shahavi604/Desktop/training_crops_selected/142_TOWNHALL/f14075_b1210.png,GJ23DB3963
/Users/shahavi604/Desktop/training_crops_selected/142_TOWNHALL/f14075_b1211.png,?
/Users/shahavi604/Desktop/training_crops_selected/142_TOWNHALL/f14100_b1215.png,?
/Users/shahavi604/Desktop/training_crops_selected/142_TOWNHALL/f14100_b1216.png,GJ23DB3963
/Users/shahavi604/Desktop/training_crops_selected/142_TOWNHALL/f14125_b1218.png,SKIP
/Users/shahavi604/Desktop/training_crops_selected/142_TOWNHALL/f14125_b1219.png,SKIP
/Users/shahavi604/Desktop/training_crops_selected/142_TOWNHALL/f14125_b1220.png,SKIP
/Users/shahavi604/Desktop/training_crops_selected/142_TOWNHALL/f14150_b1223.png,SKIP
/Users/shahavi604/Desktop/training_crops_selected/142_TOWNHALL/f14150_b1225.png,?
/Users/shahavi604/Desktop/training_crops_selected/142_TOWNHALL/f14150_b1226.png,GJ23AV6826
/Users/shahavi604/Desktop/training_crops_selected/142_TOWNHALL/f14150_b1228.png,GJ23AV6826
/Users/shahavi604/Desktop/training_crops_selected/142_TOWNHALL/f14175_b1229.png,GJ23OD9071
/Users/shahavi604/Desktop/training_crops_selected/142_TOWNHALL/f14175_b1231.png,?
/Users/shahavi604/Desktop/training_crops_selected/142_TOWNHALL/f14200_b1234.png,GJ23AU0026
/Users/shahavi604/Desktop/training_crops_selected/142_TOWNHALL/f14250_b1236.png,SKIP
/Users/shahavi604/Desktop/training_crops_selected/142_TOWNHALL/f14400_b1238.png,?
/Users/shahavi604/Desktop/training_crops_selected/142_TOWNHALL/f14425_b1240.png,SKIP
/Users/shahavi604/Desktop/training_crops_selected/142_TOWNHALL/f14500_b1241.png,SKIP
/Users/shahavi604/Desktop/training_crops_selected/142_TOWNHALL/f14550_b1244.png,SKIP
/Users/shahavi604/Desktop/training_crops_selected/142_TOWNHALL/f14575_b1245.png,?
/Users/shahavi604/Desktop/training_crops_selected/142_TOWNHALL/f14600_b1246.png,?
/Users/shahavi604/Desktop/training_crops_selected/142_TOWNHALL/f14650_b1248.png,?
/Users/shahavi604/Desktop/training_crops_selected/142_TOWNHALL/f14700_b1250.png,?
/Users/shahavi604/Desktop/training_crops_selected/142_TOWNHALL/f14725_b1251.png,GJ23DG5544
/Users/shahavi604/Desktop/training_crops_selected/142_TOWNHALL/f14775_b1253.png,GJ01KZ4383
/Users/shahavi604/Desktop/training_crops_selected/142_TOWNHALL/f14800_b1255.png,GJ01KZ4383
/Users/shahavi604/Desktop/training_crops_selected/142_TOWNHALL/f14800_b1256.png,GJ01KZ4383
/Users/shahavi604/Desktop/training_crops_selected/142_TOWNHALL/f14850_b1259.png,GJ23CA7163
/Users/shahavi604/Desktop/training_crops_selected/142_TOWNHALL/f14900_b1261.png,SKIP
/Users/shahavi604/Desktop/training_crops_selected/142_TOWNHALL/f14950_b1263.png,GJ23AV5655
/Users/shahavi604/Desktop/training_crops_selected/142_TOWNHALL/f150_b17.png,SKIP
/Users/shahavi604/Desktop/training_crops_selected/142_TOWNHALL/f1525_b159.png,GJ23CF6960
/Users/shahavi604/Desktop/training_crops_selected/142_TOWNHALL/f1550_b161.png,SKIP
/Users/shahavi604/Desktop/training_crops_selected/142_TOWNHALL/f1575_b162.png,GJ23BD0500
/Users/shahavi604/Desktop/training_crops_selected/142_TOWNHALL/f1625_b164.png,SKIP
/Users/shahavi604/Desktop/training_crops_selected/142_TOWNHALL/f175_b19.png,SKIP
/Users/shahavi604/Desktop/training_crops_selected/142_TOWNHALL/f175_b20.png,SKIP
/Users/shahavi604/Desktop/training_crops_selected/142_TOWNHALL/f1800_b166.png,GJ23BD0453
/Users/shahavi604/Desktop/training_crops_selected/142_TOWNHALL/f1850_b168.png,SKIP
/Users/shahavi604/Desktop/training_crops_selected/142_TOWNHALL/f1850_b169.png,SKIP
/Users/shahavi604/Desktop/training_crops_selected/142_TOWNHALL/f1900_b172.png,?
/Users/shahavi604/Desktop/training_crops_selected/142_TOWNHALL/f1925_b174.png,GJ18EG8030
/Users/shahavi604/Desktop/training_crops_selected/142_TOWNHALL/f1950_b175.png,GJ18EG8030
/Users/shahavi604/Desktop/training_crops_selected/142_TOWNHALL/f200_b23.png,SKIP
/Users/shahavi604/Desktop/training_crops_selected/142_TOWNHALL/f2050_b177.png,?
/Users/shahavi604/Desktop/training_crops_selected/142_TOWNHALL/f2075_b178.png,?
/Users/shahavi604/Desktop/training_crops_selected/142_TOWNHALL/f2125_b180.png,GJ23AY6049
/Users/shahavi604/Desktop/training_crops_selected/142_TOWNHALL/f2150_b181.png,GJ23AV6049
/Users/shahavi604/Desktop/training_crops_selected/142_TOWNHALL/f2150_b183.png,GJ23GA0568
/Users/shahavi604/Desktop/training_crops_selected/142_TOWNHALL/f2175_b186.png,?
/Users/shahavi604/Desktop/training_crops_selected/142_TOWNHALL/f2175_b187.png,GJ23CB2589
/Users/shahavi604/Desktop/training_crops_selected/142_TOWNHALL/f2200_b189.png,SKIP
/Users/shahavi604/Desktop/training_crops_selected/142_TOWNHALL/f2200_b191.png,GJ23CK5645
/Users/shahavi604/Desktop/training_crops_selected/142_TOWNHALL/f2225_b193.png,SKIP
/Users/shahavi604/Desktop/training_crops_selected/142_TOWNHALL/f2225_b195.png,GJ23CK5645
/Users/shahavi604/Desktop/training_crops_selected/142_TOWNHALL/f2225_b197.png,SKIP
/Users/shahavi604/Desktop/training_crops_selected/142_TOWNHALL/f2250_b198.png,SKIP
/Users/shahavi604/Desktop/training_crops_selected/142_TOWNHALL/f2250_b200.png,GJ23CK5645
/Users/shahavi604/Desktop/training_crops_selected/142_TOWNHALL/f225_b24.png,SKIP
/Users/shahavi604/Desktop/training_crops_selected/142_TOWNHALL/f2275_b202.png,GJ23CK5645
/Users/shahavi604/Desktop/training_crops_selected/142_TOWNHALL/f2275_b204.png,SKIP
/Users/shahavi604/Desktop/training_crops_selected/142_TOWNHALL/f2300_b205.png,SKIP
/Users/shahavi604/Desktop/training_crops_selected/142_TOWNHALL/f2300_b207.png,SKIP
/Users/shahavi604/Desktop/training_crops_selected/142_TOWNHALL/f2325_b209.png,SKIP
/Users/shahavi604/Desktop/training_crops_selected/142_TOWNHALL/f2325_b211.png,SKIP
/Users/shahavi604/Desktop/training_crops_selected/142_TOWNHALL/f2350_b213.png,?
/Users/shahavi604/Desktop/training_crops_selected/142_TOWNHALL/f2350_b215.png,GJ18ZT4440
/Users/shahavi604/Desktop/training_crops_selected/142_TOWNHALL/f2375_b216.png,GJ18ZT4440
/Users/shahavi604/Desktop/training_crops_selected/142_TOWNHALL/f2375_b219.png,SKIP
/Users/shahavi604/Desktop/training_crops_selected/142_TOWNHALL/f2400_b221.png,SKIP
/Users/shahavi604/Desktop/training_crops_selected/142_TOWNHALL/f2400_b222.png,?
/Users/shahavi604/Desktop/training_crops_selected/142_TOWNHALL/f2425_b223.png,SKIP
/Users/shahavi604/Desktop/training_crops_selected/142_TOWNHALL/f2450_b225.png,SKIP
/Users/shahavi604/Desktop/training_crops_selected/142_TOWNHALL/f2450_b227.png,SKIP
/Users/shahavi604/Desktop/training_crops_selected/142_TOWNHALL/f2475_b229.png,SKIP
/Users/shahavi604/Desktop/training_crops_selected/142_TOWNHALL/f2500_b230.png,SKIP
/Users/shahavi604/Desktop/training_crops_selected/142_TOWNHALL/f250_b27.png,GJ23CC2703
/Users/shahavi604/Desktop/training_crops_selected/142_TOWNHALL/f250_b29.png,SKIP
/Users/shahavi604/Desktop/training_crops_selected/142_TOWNHALL/f2525_b233.png,SKIP
/Users/shahavi604/Desktop/training_crops_selected/142_TOWNHALL/f2525_b234.png,SKIP
/Users/shahavi604/Desktop/training_crops_selected/142_TOWNHALL/f2525_b235.png,?
/Users/shahavi604/Desktop/training_crops_selected/142_TOWNHALL/f2550_b237.png,GJ07AR2158
/Users/shahavi604/Desktop/training_crops_selected/142_TOWNHALL/f2550_b239.png,SKIP
/Users/shahavi604/Desktop/training_crops_selected/142_TOWNHALL/f2575_b241.png,SKIP
/Users/shahavi604/Desktop/training_crops_selected/142_TOWNHALL/f2575_b242.png,SKIP
/Users/shahavi604/Desktop/training_crops_selected/142_TOWNHALL/f2575_b245.png,SKIP
/Users/shahavi604/Desktop/training_crops_selected/142_TOWNHALL/f25_b0.png,GJ06LB0710
/Users/shahavi604/Desktop/training_crops_selected/142_TOWNHALL/f25_b1.png,SKIP
/Users/shahavi604/Desktop/training_crops_selected/142_TOWNHALL/f2600_b246.png,SKIP
/Users/shahavi604/Desktop/training_crops_selected/142_TOWNHALL/f2600_b249.png,SKIP
/Users/shahavi604/Desktop/training_crops_selected/142_TOWNHALL/f2625_b250.png,SKIP
/Users/shahavi604/Desktop/training_crops_selected/142_TOWNHALL/f2650_b252.png,SKIP
/Users/shahavi604/Desktop/training_crops_selected/142_TOWNHALL/f2675_b254.png,SKIP
/Users/shahavi604/Desktop/training_crops_selected/142_TOWNHALL/f2700_b256.png,SKIP
/Users/shahavi604/Desktop/training_crops_selected/142_TOWNHALL/f2725_b258.png,SKIP
/Users/shahavi604/Desktop/training_crops_selected/142_TOWNHALL/f275_b31.png,SKIP
/Users/shahavi604/Desktop/training_crops_selected/142_TOWNHALL/f275_b32.png,SKIP
/Users/shahavi604/Desktop/training_crops_selected/142_TOWNHALL/f275_b34.png,SKIP
/Users/shahavi604/Desktop/training_crops_selected/142_TOWNHALL/f2775_b260.png,SKIP
/Users/shahavi604/Desktop/training_crops_selected/142_TOWNHALL/f2775_b261.png,SKIP
/Users/shahavi604/Desktop/training_crops_selected/142_TOWNHALL/f2775_b262.png,SKIP
/Users/shahavi604/Desktop/training_crops_selected/142_TOWNHALL/f2800_b265.png,SKIP
/Users/shahavi604/Desktop/training_crops_selected/142_TOWNHALL/f2825_b267.png,SKIP
/Users/shahavi604/Desktop/training_crops_selected/142_TOWNHALL/f2850_b269.png,GJ23M1999
/Users/shahavi604/Desktop/training_crops_selected/142_TOWNHALL/f2875_b270.png,GJ23M1999
/Users/shahavi604/Desktop/training_crops_selected/142_TOWNHALL/f2875_b271.png,SKIP
/Users/shahavi604/Desktop/training_crops_selected/142_TOWNHALL/f2900_b275.png,SKIP
/Users/shahavi604/Desktop/training_crops_selected/142_TOWNHALL/f2925_b277.png,GJ23M1999
/Users/shahavi604/Desktop/training_crops_selected/142_TOWNHALL/f2950_b279.png,SKIP
/Users/shahavi604/Desktop/training_crops_selected/142_TOWNHALL/f2975_b280.png,GJ23M1999
/Users/shahavi604/Desktop/training_crops_selected/142_TOWNHALL/f3000_b282.png,SKIP
/Users/shahavi604/Desktop/training_crops_selected/142_TOWNHALL/f300_b36.png,SKIP
/Users/shahavi604/Desktop/training_crops_selected/142_TOWNHALL/f300_b37.png,SKIP
/Users/shahavi604/Desktop/training_crops_selected/142_TOWNHALL/f300_b38.png,SKIP
/Users/shahavi604/Desktop/training_crops_selected/142_TOWNHALL/f3025_b283.png,SKIP
/Users/shahavi604/Desktop/training_crops_selected/142_TOWNHALL/f3050_b285.png,GJ23BD1792
/Users/shahavi604/Desktop/training_crops_selected/142_TOWNHALL/f3075_b287.png,SKIP
/Users/shahavi604/Desktop/training_crops_selected/142_TOWNHALL/f3100_b289.png,SKIP
/Users/shahavi604/Desktop/training_crops_selected/142_TOWNHALL/f3125_b291.png,SKIP
/Users/shahavi604/Desktop/training_crops_selected/142_TOWNHALL/f3150_b292.png,SKIP
/Users/shahavi604/Desktop/training_crops_selected/142_TOWNHALL/f3150_b294.png,SKIP
/Users/shahavi604/Desktop/training_crops_selected/142_TOWNHALL/f3225_b296.png,?
/Users/shahavi604/Desktop/training_crops_selected/142_TOWNHALL/f3250_b298.png,?
/Users/shahavi604/Desktop/training_crops_selected/142_TOWNHALL/f3250_b299.png,GJ23DN2609
/Users/shahavi604/Desktop/training_crops_selected/142_TOWNHALL/f325_b41.png,SKIP
/Users/shahavi604/Desktop/training_crops_selected/142_TOWNHALL/f325_b42.png,SKIP
/Users/shahavi604/Desktop/training_crops_selected/142_TOWNHALL/f325_b44.png,SKIP
/Users/shahavi604/Desktop/training_crops_selected/142_TOWNHALL/f3300_b301.png,GJ05JC0431
/Users/shahavi604/Desktop/training_crops_selected/142_TOWNHALL/f3325_b304.png,GJ05JC0431
/Users/shahavi604/Desktop/training_crops_selected/142_TOWNHALL/f3350_b306.png,SKIP
/Users/shahavi604/Desktop/training_crops_selected/142_TOWNHALL/f3375_b307.png,?
/Users/shahavi604/Desktop/training_crops_selected/142_TOWNHALL/f3375_b308.png,SKIP
/Users/shahavi604/Desktop/training_crops_selected/142_TOWNHALL/f3375_b311.png,SKIP
/Users/shahavi604/Desktop/training_crops_selected/142_TOWNHALL/f3375_b312.png,SKIP
/Users/shahavi604/Desktop/training_crops_selected/142_TOWNHALL/f3400_b315.png,GJ23AK1731
/Users/shahavi604/Desktop/training_crops_selected/142_TOWNHALL/f3400_b316.png,?
/Users/shahavi604/Desktop/training_crops_selected/142_TOWNHALL/f3425_b318.png,?
/Users/shahavi604/Desktop/training_crops_selected/142_TOWNHALL/f3425_b319.png,?
/Users/shahavi604/Desktop/training_crops_selected/142_TOWNHALL/f3450_b321.png,?
/Users/shahavi604/Desktop/training_crops_selected/142_TOWNHALL/f3475_b324.png,SKIP
/Users/shahavi604/Desktop/training_crops_selected/142_TOWNHALL/f3500_b325.png,SKIP
/Users/shahavi604/Desktop/training_crops_selected/142_TOWNHALL/f350_b47.png,SKIP
/Users/shahavi604/Desktop/training_crops_selected/142_TOWNHALL/f350_b48.png,?
/Users/shahavi604/Desktop/training_crops_selected/142_TOWNHALL/f350_b50.png,SKIP
/Users/shahavi604/Desktop/training_crops_selected/142_TOWNHALL/f3525_b327.png,?
/Users/shahavi604/Desktop/training_crops_selected/142_TOWNHALL/f3600_b328.png,?
/Users/shahavi604/Desktop/training_crops_selected/142_TOWNHALL/f3700_b330.png,SKIP
/Users/shahavi604/Desktop/training_crops_selected/142_TOWNHALL/f375_b52.png,SKIP
/Users/shahavi604/Desktop/training_crops_selected/142_TOWNHALL/f375_b54.png,?
/Users/shahavi604/Desktop/training_crops_selected/142_TOWNHALL/f375_b55.png,SKIP
/Users/shahavi604/Desktop/training_crops_selected/142_TOWNHALL/f375_b56.png,SKIP
/Users/shahavi604/Desktop/training_crops_selected/142_TOWNHALL/f375_b58.png,?
/Users/shahavi604/Desktop/training_crops_selected/142_TOWNHALL/f3775_b332.png,?
/Users/shahavi604/Desktop/training_crops_selected/142_TOWNHALL/f3800_b335.png,SKIP
/Users/shahavi604/Desktop/training_crops_selected/142_TOWNHALL/f3825_b336.png,SKIP
/Users/shahavi604/Desktop/training_crops_selected/142_TOWNHALL/f3825_b337.png,SKIP
/Users/shahavi604/Desktop/training_crops_selected/142_TOWNHALL/f3925_b340.png,?
/Users/shahavi604/Desktop/training_crops_selected/142_TOWNHALL/f3950_b341.png,?
/Users/shahavi604/Desktop/training_crops_selected/142_TOWNHALL/f4000_b343.png,?
/Users/shahavi604/Desktop/training_crops_selected/142_TOWNHALL/f400_b60.png,SKIP
/Users/shahavi604/Desktop/training_crops_selected/142_TOWNHALL/f400_b63.png,SKIP
/Users/shahavi604/Desktop/training_crops_selected/142_TOWNHALL/f400_b65.png,GJ23BD8539
/Users/shahavi604/Desktop/training_crops_selected/142_TOWNHALL/f4250_b344.png,?
/Users/shahavi604/Desktop/training_crops_selected/142_TOWNHALL/f425_b66.png,SKIP
/Users/shahavi604/Desktop/training_crops_selected/142_TOWNHALL/f425_b67.png,SKIP
/Users/shahavi604/Desktop/training_crops_selected/142_TOWNHALL/f425_b69.png,GJ23BD8539
/Users/shahavi604/Desktop/training_crops_selected/142_TOWNHALL/f425_b71.png,SKIP
/Users/shahavi604/Desktop/training_crops_selected/142_TOWNHALL/f4275_b346.png,?
/Users/shahavi604/Desktop/training_crops_selected/142_TOWNHALL/f4300_b347.png,?
/Users/shahavi604/Desktop/training_crops_selected/142_TOWNHALL/f4350_b351.png,?
/Users/shahavi604/Desktop/training_crops_selected/142_TOWNHALL/f4400_b352.png,SKIP
/Users/shahavi604/Desktop/training_crops_selected/142_TOWNHALL/f4425_b354.png,SKIP
/Users/shahavi604/Desktop/training_crops_selected/142_TOWNHALL/f450_b73.png,GJ06LB0710
/Users/shahavi604/Desktop/training_crops_selected/142_TOWNHALL/f450_b74.png,GJ23BD8539
/Users/shahavi604/Desktop/training_crops_selected/142_TOWNHALL/f4675_b356.png,SKIP
/Users/shahavi604/Desktop/training_crops_selected/142_TOWNHALL/f4675_b357.png,?
/Users/shahavi604/Desktop/training_crops_selected/142_TOWNHALL/f4700_b359.png,SKIP
/Users/shahavi604/Desktop/training_crops_selected/142_TOWNHALL/f4700_b361.png,SKIP
/Users/shahavi604/Desktop/training_crops_selected/142_TOWNHALL/f475_b76.png,GJ06LB0710
/Users/shahavi604/Desktop/training_crops_selected/142_TOWNHALL/f475_b78.png,GJ23BD8539
/Users/shahavi604/Desktop/training_crops_selected/142_TOWNHALL/f4825_b363.png,SKIP
/Users/shahavi604/Desktop/training_crops_selected/142_TOWNHALL/f4850_b366.png,GJ23AU5043
/Users/shahavi604/Desktop/training_crops_selected/142_TOWNHALL/f4850_b367.png,GJ23AU5043
/Users/shahavi604/Desktop/training_crops_selected/142_TOWNHALL/f4875_b368.png,SKIP
/Users/shahavi604/Desktop/training_crops_selected/142_TOWNHALL/f500_b81.png,GJ06LB0710
/Users/shahavi604/Desktop/training_crops_selected/142_TOWNHALL/f500_b82.png,SKIP
/Users/shahavi604/Desktop/training_crops_selected/142_TOWNHALL/f500_b85.png,GJ23CH5944
/Users/shahavi604/Desktop/training_crops_selected/142_TOWNHALL/f500_b86.png,SKIP
/Users/shahavi604/Desktop/training_crops_selected/142_TOWNHALL/f50_b3.png,GJ06LB0710
/Users/shahavi604/Desktop/training_crops_selected/142_TOWNHALL/f50_b5.png,SKIP
/Users/shahavi604/Desktop/training_crops_selected/142_TOWNHALL/f5100_b370.png,?
/Users/shahavi604/Desktop/training_crops_selected/142_TOWNHALL/f5125_b371.png,GJ23T5248
/Users/shahavi604/Desktop/training_crops_selected/142_TOWNHALL/f5150_b373.png,SKIP
/Users/shahavi604/Desktop/training_crops_selected/142_TOWNHALL/f5175_b375.png,?
/Users/shahavi604/Desktop/training_crops_selected/142_TOWNHALL/f5225_b377.png,GJ06HS6074
/Users/shahavi604/Desktop/training_crops_selected/142_TOWNHALL/f5250_b379.png,SKIP
/Users/shahavi604/Desktop/training_crops_selected/142_TOWNHALL/f5250_b380.png,?
/Users/shahavi604/Desktop/training_crops_selected/142_TOWNHALL/f525_b88.png,SKIP
/Users/shahavi604/Desktop/training_crops_selected/142_TOWNHALL/f525_b89.png,GJ23CH5944
/Users/shahavi604/Desktop/training_crops_selected/142_TOWNHALL/f525_b90.png,?
/Users/shahavi604/Desktop/training_crops_selected/142_TOWNHALL/f525_b93.png,SKIP
/Users/shahavi604/Desktop/training_crops_selected/142_TOWNHALL/f5275_b383.png,SKIP
/Users/shahavi604/Desktop/training_crops_selected/142_TOWNHALL/f5375_b384.png,SKIP
/Users/shahavi604/Desktop/training_crops_selected/142_TOWNHALL/f5475_b386.png,?
/Users/shahavi604/Desktop/training_crops_selected/142_TOWNHALL/f550_b95.png,GJ23CH5944
/Users/shahavi604/Desktop/training_crops_selected/142_TOWNHALL/f550_b96.png,SKIP
/Users/shahavi604/Desktop/training_crops_selected/142_TOWNHALL/f550_b99.png,SKIP
/Users/shahavi604/Desktop/training_crops_selected/142_TOWNHALL/f5675_b388.png,SKIP
/Users/shahavi604/Desktop/training_crops_selected/142_TOWNHALL/f5700_b390.png,?
/Users/shahavi604/Desktop/training_crops_selected/142_TOWNHALL/f575_b100.png,GJ23CH5944
/Users/shahavi604/Desktop/training_crops_selected/142_TOWNHALL/f5825_b392.png,?
/Users/shahavi604/Desktop/training_crops_selected/142_TOWNHALL/f5825_b393.png,SKIP
/Users/shahavi604/Desktop/training_crops_selected/142_TOWNHALL/f5850_b395.png,?
/Users/shahavi604/Desktop/training_crops_selected/142_TOWNHALL/f5875_b397.png,SKIP
/Users/shahavi604/Desktop/training_crops_selected/142_TOWNHALL/f5900_b399.png,SKIP
/Users/shahavi604/Desktop/training_crops_selected/142_TOWNHALL/f5925_b401.png,GJ23CA8000
/Users/shahavi604/Desktop/training_crops_selected/142_TOWNHALL/f5925_b402.png,?
/Users/shahavi604/Desktop/training_crops_selected/142_TOWNHALL/f5925_b404.png,?
/Users/shahavi604/Desktop/training_crops_selected/142_TOWNHALL/f5950_b407.png,?
/Users/shahavi604/Desktop/training_crops_selected/142_TOWNHALL/f5950_b408.png,GJ23AV7568
/Users/shahavi604/Desktop/training_crops_selected/142_TOWNHALL/f6000_b410.png,SKIP
/Users/shahavi604/Desktop/training_crops_selected/142_TOWNHALL/f600_b102.png,GJ23CH5944
/Users/shahavi604/Desktop/training_crops_selected/142_TOWNHALL/f600_b105.png,SKIP
/Users/shahavi604/Desktop/training_crops_selected/142_TOWNHALL/f6050_b412.png,SKIP
/Users/shahavi604/Desktop/training_crops_selected/142_TOWNHALL/f6075_b413.png,SKIP
/Users/shahavi604/Desktop/training_crops_selected/142_TOWNHALL/f6100_b415.png,SKIP
/Users/shahavi604/Desktop/training_crops_selected/142_TOWNHALL/f6225_b416.png,SKIP
/Users/shahavi604/Desktop/training_crops_selected/142_TOWNHALL/f625_b107.png,SKIP
/Users/shahavi604/Desktop/training_crops_selected/142_TOWNHALL/f625_b108.png,SKIP
/Users/shahavi604/Desktop/training_crops_selected/142_TOWNHALL/f6300_b419.png,SKIP
/Users/shahavi604/Desktop/training_crops_selected/142_TOWNHALL/f6350_b421.png,?
/Users/shahavi604/Desktop/training_crops_selected/142_TOWNHALL/f6350_b422.png,?
/Users/shahavi604/Desktop/training_crops_selected/142_TOWNHALL/f6375_b424.png,SKIP
/Users/shahavi604/Desktop/training_crops_selected/142_TOWNHALL/f6450_b426.png,GJ23CF1877
/Users/shahavi604/Desktop/training_crops_selected/142_TOWNHALL/f6475_b428.png,SKIP
/Users/shahavi604/Desktop/training_crops_selected/142_TOWNHALL/f6500_b430.png,SKIP
/Users/shahavi604/Desktop/training_crops_selected/142_TOWNHALL/f6500_b431.png,SKIP
/Users/shahavi604/Desktop/training_crops_selected/142_TOWNHALL/f650_b111.png,?
/Users/shahavi604/Desktop/training_crops_selected/142_TOWNHALL/f6525_b433.png,?
/Users/shahavi604/Desktop/training_crops_selected/142_TOWNHALL/f6550_b435.png,?
/Users/shahavi604/Desktop/training_crops_selected/142_TOWNHALL/f6550_b436.png,?
/Users/shahavi604/Desktop/training_crops_selected/142_TOWNHALL/f6600_b439.png,?
/Users/shahavi604/Desktop/training_crops_selected/142_TOWNHALL/f6600_b440.png,SKIP
/Users/shahavi604/Desktop/training_crops_selected/142_TOWNHALL/f6625_b443.png,?
/Users/shahavi604/Desktop/training_crops_selected/142_TOWNHALL/f6625_b444.png,?
/Users/shahavi604/Desktop/training_crops_selected/142_TOWNHALL/f6650_b445.png,GJ23BG5225
/Users/shahavi604/Desktop/training_crops_selected/142_TOWNHALL/f6750_b449.png,SKIP
/Users/shahavi604/Desktop/training_crops_selected/142_TOWNHALL/f6750_b450.png,SKIP
/Users/shahavi604/Desktop/training_crops_selected/142_TOWNHALL/f675_b112.png,GJ23CC1170
/Users/shahavi604/Desktop/training_crops_selected/142_TOWNHALL/f675_b113.png,SKIP
/Users/shahavi604/Desktop/training_crops_selected/142_TOWNHALL/f6775_b451.png,SKIP
/Users/shahavi604/Desktop/training_crops_selected/142_TOWNHALL/f6800_b453.png,GJ23AK1045
/Users/shahavi604/Desktop/training_crops_selected/142_TOWNHALL/f6800_b454.png,GJ23AK1045
/Users/shahavi604/Desktop/training_crops_selected/142_TOWNHALL/f7000_b457.png,?
/Users/shahavi604/Desktop/training_crops_selected/142_TOWNHALL/f700_b114.png,SKIP
/Users/shahavi604/Desktop/training_crops_selected/142_TOWNHALL/f7025_b458.png,?
/Users/shahavi604/Desktop/training_crops_selected/142_TOWNHALL/f7050_b461.png,?
/Users/shahavi604/Desktop/training_crops_selected/142_TOWNHALL/f7100_b462.png,?
/Users/shahavi604/Desktop/training_crops_selected/142_TOWNHALL/f7125_b465.png,GJ23AV5667
/Users/shahavi604/Desktop/training_crops_selected/142_TOWNHALL/f7125_b466.png,GJ23AV5667
/Users/shahavi604/Desktop/training_crops_selected/142_TOWNHALL/f7225_b468.png,SKIP
/Users/shahavi604/Desktop/training_crops_selected/142_TOWNHALL/f7250_b469.png,GJ23AH3793
/Users/shahavi604/Desktop/training_crops_selected/142_TOWNHALL/f725_b117.png,GJ23AW8070
/Users/shahavi604/Desktop/training_crops_selected/142_TOWNHALL/f7300_b471.png,GJ23AD0302
/Users/shahavi604/Desktop/training_crops_selected/142_TOWNHALL/f7350_b473.png,SKIP
/Users/shahavi604/Desktop/training_crops_selected/142_TOWNHALL/f7400_b475.png,SKIP
/Users/shahavi604/Desktop/training_crops_selected/142_TOWNHALL/f7400_b476.png,?
/Users/shahavi604/Desktop/training_crops_selected/142_TOWNHALL/f7425_b478.png,SKIP
/Users/shahavi604/Desktop/training_crops_selected/142_TOWNHALL/f7425_b480.png,?
/Users/shahavi604/Desktop/training_crops_selected/142_TOWNHALL/f7425_b482.png,?
/Users/shahavi604/Desktop/training_crops_selected/142_TOWNHALL/f7450_b484.png,?
/Users/shahavi604/Desktop/training_crops_selected/142_TOWNHALL/f7450_b486.png,GJ23GA0677
/Users/shahavi604/Desktop/training_crops_selected/142_TOWNHALL/f7475_b487.png,GJ06PK3126
/Users/shahavi604/Desktop/training_crops_selected/142_TOWNHALL/f750_b118.png,SKIP
/Users/shahavi604/Desktop/training_crops_selected/142_TOWNHALL/f7575_b489.png,SKIP
/Users/shahavi604/Desktop/training_crops_selected/142_TOWNHALL/f75_b6.png,GJ06LB0710
/Users/shahavi604/Desktop/training_crops_selected/142_TOWNHALL/f7625_b491.png,GJ23CJ1243
/Users/shahavi604/Desktop/training_crops_selected/142_TOWNHALL/f7650_b493.png,GJ23CJ1243
/Users/shahavi604/Desktop/training_crops_selected/142_TOWNHALL/f7700_b495.png,GJ23BD6412
/Users/shahavi604/Desktop/training_crops_selected/142_TOWNHALL/f7700_b496.png,?
/Users/shahavi604/Desktop/training_crops_selected/142_TOWNHALL/f7725_b499.png,?
/Users/shahavi604/Desktop/training_crops_selected/142_TOWNHALL/f7725_b500.png,SKIP
/Users/shahavi604/Desktop/training_crops_selected/142_TOWNHALL/f7750_b502.png,?
/Users/shahavi604/Desktop/training_crops_selected/142_TOWNHALL/f775_b120.png,?
/Users/shahavi604/Desktop/training_crops_selected/142_TOWNHALL/f775_b122.png,SKIP
/Users/shahavi604/Desktop/training_crops_selected/142_TOWNHALL/f775_b123.png,SKIP
/Users/shahavi604/Desktop/training_crops_selected/142_TOWNHALL/f7775_b504.png,?
/Users/shahavi604/Desktop/training_crops_selected/142_TOWNHALL/f7800_b505.png,SKIP
/Users/shahavi604/Desktop/training_crops_selected/142_TOWNHALL/f7825_b507.png,?
/Users/shahavi604/Desktop/training_crops_selected/142_TOWNHALL/f7875_b510.png,SKIP
/Users/shahavi604/Desktop/training_crops_selected/142_TOWNHALL/f7900_b512.png,SKIP
/Users/shahavi604/Desktop/training_crops_selected/142_TOWNHALL/f7975_b513.png,SKIP
/Users/shahavi604/Desktop/training_crops_selected/142_TOWNHALL/f800_b126.png,GJ23DE6134
/Users/shahavi604/Desktop/training_crops_selected/142_TOWNHALL/f8025_b515.png,?
/Users/shahavi604/Desktop/training_crops_selected/142_TOWNHALL/f8050_b516.png,?
/Users/shahavi604/Desktop/training_crops_selected/142_TOWNHALL/f8125_b518.png,SKIP
/Users/shahavi604/Desktop/training_crops_selected/142_TOWNHALL/f8150_b520.png,?
/Users/shahavi604/Desktop/training_crops_selected/142_TOWNHALL/f8175_b523.png,SKIP
/Users/shahavi604/Desktop/training_crops_selected/142_TOWNHALL/f8200_b524.png,GJ23CE7011
/Users/shahavi604/Desktop/training_crops_selected/142_TOWNHALL/f8200_b525.png,?
/Users/shahavi604/Desktop/training_crops_selected/142_TOWNHALL/f8225_b527.png,GJ23CE7011
/Users/shahavi604/Desktop/training_crops_selected/142_TOWNHALL/f8225_b529.png,SKIP
/Users/shahavi604/Desktop/training_crops_selected/142_TOWNHALL/f8250_b531.png,SKIP
/Users/shahavi604/Desktop/training_crops_selected/142_TOWNHALL/f8250_b532.png,SKIP
/Users/shahavi604/Desktop/training_crops_selected/142_TOWNHALL/f8250_b533.png,?
/Users/shahavi604/Desktop/training_crops_selected/142_TOWNHALL/f825_b127.png,SKIP
/Users/shahavi604/Desktop/training_crops_selected/142_TOWNHALL/f8275_b536.png,SKIP
/Users/shahavi604/Desktop/training_crops_selected/142_TOWNHALL/f8300_b538.png,SKIP
/Users/shahavi604/Desktop/training_crops_selected/142_TOWNHALL/f8325_b540.png,?
/Users/shahavi604/Desktop/training_crops_selected/142_TOWNHALL/f8350_b542.png,?
/Users/shahavi604/Desktop/training_crops_selected/142_TOWNHALL/f8375_b544.png,GJ23BA5478
/Users/shahavi604/Desktop/training_crops_selected/142_TOWNHALL/f8400_b545.png,?
/Users/shahavi604/Desktop/training_crops_selected/142_TOWNHALL/f8400_b546.png,SKIP
/Users/shahavi604/Desktop/training_crops_selected/142_TOWNHALL/f8400_b548.png,?
/Users/shahavi604/Desktop/training_crops_selected/142_TOWNHALL/f8425_b550.png,?
/Users/shahavi604/Desktop/training_crops_selected/142_TOWNHALL/f8425_b551.png,GJ23U1358
/Users/shahavi604/Desktop/training_crops_selected/142_TOWNHALL/f8550_b554.png,SKIP
/Users/shahavi604/Desktop/training_crops_selected/142_TOWNHALL/f8675_b556.png,SKIP
/Users/shahavi604/Desktop/training_crops_selected/142_TOWNHALL/f8700_b558.png,?
/Users/shahavi604/Desktop/training_crops_selected/142_TOWNHALL/f875_b130.png,SKIP
/Users/shahavi604/Desktop/training_crops_selected/142_TOWNHALL/f875_b131.png,SKIP
/Users/shahavi604/Desktop/training_crops_selected/142_TOWNHALL/f8800_b560.png,?
/Users/shahavi604/Desktop/training_crops_selected/142_TOWNHALL/f8825_b561.png,SKIP
/Users/shahavi604/Desktop/training_crops_selected/142_TOWNHALL/f8825_b563.png,GJ23Z0104
/Users/shahavi604/Desktop/training_crops_selected/142_TOWNHALL/f8850_b564.png,?
/Users/shahavi604/Desktop/training_crops_selected/142_TOWNHALL/f8875_b566.png,SKIP
/Users/shahavi604/Desktop/training_crops_selected/142_TOWNHALL/f8900_b568.png,GJ23CE6853
/Users/shahavi604/Desktop/training_crops_selected/142_TOWNHALL/f8950_b571.png,SKIP
/Users/shahavi604/Desktop/training_crops_selected/142_TOWNHALL/f8950_b572.png,?
/Users/shahavi604/Desktop/training_crops_selected/142_TOWNHALL/f8975_b573.png,SKIP
/Users/shahavi604/Desktop/training_crops_selected/142_TOWNHALL/f900_b132.png,?
/Users/shahavi604/Desktop/training_crops_selected/142_TOWNHALL/f9025_b577.png,GJ23AT6506
/Users/shahavi604/Desktop/training_crops_selected/142_TOWNHALL/f9050_b579.png,SKIP
/Users/shahavi604/Desktop/training_crops_selected/142_TOWNHALL/f9050_b580.png,SKIP
/Users/shahavi604/Desktop/training_crops_selected/142_TOWNHALL/f9075_b582.png,SKIP
/Users/shahavi604/Desktop/training_crops_selected/142_TOWNHALL/f9100_b583.png,SKIP
/Users/shahavi604/Desktop/training_crops_selected/142_TOWNHALL/f9100_b585.png,SKIP
/Users/shahavi604/Desktop/training_crops_selected/142_TOWNHALL/f9125_b586.png,?
/Users/shahavi604/Desktop/training_crops_selected/142_TOWNHALL/f9150_b588.png,SKIP
/Users/shahavi604/Desktop/training_crops_selected/142_TOWNHALL/f9150_b591.png,?
/Users/shahavi604/Desktop/training_crops_selected/142_TOWNHALL/f9175_b593.png,?
/Users/shahavi604/Desktop/training_crops_selected/142_TOWNHALL/f9225_b594.png,?
/Users/shahavi604/Desktop/training_crops_selected/142_TOWNHALL/f9250_b596.png,?
/Users/shahavi604/Desktop/training_crops_selected/142_TOWNHALL/f925_b135.png,?
/Users/shahavi604/Desktop/training_crops_selected/142_TOWNHALL/f9275_b598.png,?
/Users/shahavi604/Desktop/training_crops_selected/142_TOWNHALL/f9275_b599.png,SKIP
/Users/shahavi604/Desktop/training_crops_selected/142_TOWNHALL/f9300_b601.png,?
/Users/shahavi604/Desktop/training_crops_selected/142_TOWNHALL/f9300_b603.png,SKIP
/Users/shahavi604/Desktop/training_crops_selected/142_TOWNHALL/f9375_b605.png,SKIP
/Users/shahavi604/Desktop/training_crops_selected/142_TOWNHALL/f9400_b607.png,GJ23CJ2095
/Users/shahavi604/Desktop/training_crops_selected/142_TOWNHALL/f9400_b609.png,SKIP
/Users/shahavi604/Desktop/training_crops_selected/142_TOWNHALL/f9425_b610.png,GJ23CJ2095
/Users/shahavi604/Desktop/training_crops_selected/142_TOWNHALL/f950_b136.png,SKIP
/Users/shahavi604/Desktop/training_crops_selected/142_TOWNHALL/f9600_b612.png,SKIP
/Users/shahavi604/Desktop/training_crops_selected/142_TOWNHALL/f9625_b613.png,SKIP
/Users/shahavi604/Desktop/training_crops_selected/142_TOWNHALL/f9650_b615.png,?
/Users/shahavi604/Desktop/training_crops_selected/142_TOWNHALL/f9675_b618.png,?
/Users/shahavi604/Desktop/training_crops_selected/142_TOWNHALL/f9675_b619.png,?
/Users/shahavi604/Desktop/training_crops_selected/142_TOWNHALL/f9700_b621.png,SKIP
/Users/shahavi604/Desktop/training_crops_selected/142_TOWNHALL/f9725_b623.png,SKIP
/Users/shahavi604/Desktop/training_crops_selected/142_TOWNHALL/f9725_b625.png,SKIP
/Users/shahavi604/Desktop/training_crops_selected/142_TOWNHALL/f9750_b627.png,GJ01WD4306
/Users/shahavi604/Desktop/training_crops_selected/142_TOWNHALL/f9750_b628.png,GJ23AX5180
/Users/shahavi604/Desktop/training_crops_selected/142_TOWNHALL/f9750_b630.png,?
/Users/shahavi604/Desktop/training_crops_selected/142_TOWNHALL/f9750_b632.png,?
/Users/shahavi604/Desktop/training_crops_selected/142_TOWNHALL/f975_b139.png,GJ09BJ0255
/Users/shahavi604/Desktop/training_crops_selected/142_TOWNHALL/f975_b140.png,?
/Users/shahavi604/Desktop/training_crops_selected/142_TOWNHALL/f9775_b633.png,GJ01WD4306
/Users/shahavi604/Desktop/training_crops_selected/142_TOWNHALL/f9775_b634.png,?
/Users/shahavi604/Desktop/training_crops_selected/142_TOWNHALL/f9775_b637.png,SKIP
/Users/shahavi604/Desktop/training_crops_selected/142_TOWNHALL/f9800_b638.png,GJ01WD4306
/Users/shahavi604/Desktop/training_crops_selected/142_TOWNHALL/f9825_b641.png,SKIP
/Users/shahavi604/Desktop/training_crops_selected/142_TOWNHALL/f9850_b643.png,SKIP
/Users/shahavi604/Desktop/training_crops_selected/142_TOWNHALL/f9875_b645.png,SKIP
/Users/shahavi604/Desktop/training_crops_selected/142_TOWNHALL/f9875_b646.png,?
/Users/shahavi604/Desktop/training_crops_selected/142_TOWNHALL/f9900_b648.png,?
/Users/shahavi604/Desktop/training_crops_selected/142_TOWNHALL/f9950_b650.png,SKIP
/Users/shahavi604/Desktop/training_crops_selected/142_TOWNHALL/f9975_b651.png,SKIP
/Users/shahavi604/Desktop/training_crops_selected/88_RAGHUVEER_CIRCLE/f10000_b812.png,GJ23CK0379
/Users/shahavi604/Desktop/training_crops_selected/88_RAGHUVEER_CIRCLE/f1000_b92.png,GJ23CK0379
/Users/shahavi604/Desktop/training_crops_selected/88_RAGHUVEER_CIRCLE/f1000_b93.png,GJ23CK0379
/Users/shahavi604/Desktop/training_crops_selected/88_RAGHUVEER_CIRCLE/f100_b10.png,?
/Users/shahavi604/Desktop/training_crops_selected/88_RAGHUVEER_CIRCLE/f100_b12.png,GJ23CK0379
/Users/shahavi604/Desktop/training_crops_selected/88_RAGHUVEER_CIRCLE/f100_b9.png,GJ23CK0379
/Users/shahavi604/Desktop/training_crops_selected/88_RAGHUVEER_CIRCLE/f10100_b814.png,GJ23CK0379
/Users/shahavi604/Desktop/training_crops_selected/88_RAGHUVEER_CIRCLE/f10250_b815.png,GJ23CK0379
/Users/shahavi604/Desktop/training_crops_selected/88_RAGHUVEER_CIRCLE/f1025_b95.png,SKIP
/Users/shahavi604/Desktop/training_crops_selected/88_RAGHUVEER_CIRCLE/f10275_b816.png,GJ23CK0379
/Users/shahavi604/Desktop/training_crops_selected/88_RAGHUVEER_CIRCLE/f10375_b818.png,?
/Users/shahavi604/Desktop/training_crops_selected/88_RAGHUVEER_CIRCLE/f10400_b819.png,?
/Users/shahavi604/Desktop/training_crops_selected/88_RAGHUVEER_CIRCLE/f10450_b820.png,GJ23BL8113
/Users/shahavi604/Desktop/training_crops_selected/88_RAGHUVEER_CIRCLE/f1050_b96.png,GJ23CK0379
/Users/shahavi604/Desktop/training_crops_selected/88_RAGHUVEER_CIRCLE/f1050_b97.png,SKIP
/Users/shahavi604/Desktop/training_crops_selected/88_RAGHUVEER_CIRCLE/f10575_b822.png,SKIP
/Users/shahavi604/Desktop/training_crops_selected/88_RAGHUVEER_CIRCLE/f10575_b823.png,SKIP
/Users/shahavi604/Desktop/training_crops_selected/88_RAGHUVEER_CIRCLE/f10625_b825.png,GJ23CK0379
/Users/shahavi604/Desktop/training_crops_selected/88_RAGHUVEER_CIRCLE/f10650_b826.png,?
/Users/shahavi604/Desktop/training_crops_selected/88_RAGHUVEER_CIRCLE/f10650_b827.png,GJ23CK0379
/Users/shahavi604/Desktop/training_crops_selected/88_RAGHUVEER_CIRCLE/f1075_b100.png,GJ23CK0379
/Users/shahavi604/Desktop/training_crops_selected/88_RAGHUVEER_CIRCLE/f1075_b98.png,GJ23CK0379
/Users/shahavi604/Desktop/training_crops_selected/88_RAGHUVEER_CIRCLE/f1075_b99.png,?
/Users/shahavi604/Desktop/training_crops_selected/88_RAGHUVEER_CIRCLE/f10775_b829.png,GJ23CK0379
/Users/shahavi604/Desktop/training_crops_selected/88_RAGHUVEER_CIRCLE/f10800_b830.png,GJ23CK0379
/Users/shahavi604/Desktop/training_crops_selected/88_RAGHUVEER_CIRCLE/f10825_b832.png,?
/Users/shahavi604/Desktop/training_crops_selected/88_RAGHUVEER_CIRCLE/f10850_b833.png,?
/Users/shahavi604/Desktop/training_crops_selected/88_RAGHUVEER_CIRCLE/f10850_b834.png,GJ23BH2187
/Users/shahavi604/Desktop/training_crops_selected/88_RAGHUVEER_CIRCLE/f10850_b835.png,GJ23BH2187
/Users/shahavi604/Desktop/training_crops_selected/88_RAGHUVEER_CIRCLE/f10925_b837.png,GJ23CK0379
/Users/shahavi604/Desktop/training_crops_selected/88_RAGHUVEER_CIRCLE/f10950_b838.png,GJ23CK0379
/Users/shahavi604/Desktop/training_crops_selected/88_RAGHUVEER_CIRCLE/f10975_b839.png,GJ23CK0379
/Users/shahavi604/Desktop/training_crops_selected/88_RAGHUVEER_CIRCLE/f11000_b841.png,GJ23CK0379
/Users/shahavi604/Desktop/training_crops_selected/88_RAGHUVEER_CIRCLE/f1100_b102.png,GJ23CK0379
/Users/shahavi604/Desktop/training_crops_selected/88_RAGHUVEER_CIRCLE/f11025_b842.png,SKIP
/Users/shahavi604/Desktop/training_crops_selected/88_RAGHUVEER_CIRCLE/f11025_b843.png,GJ23CK0379
/Users/shahavi604/Desktop/training_crops_selected/88_RAGHUVEER_CIRCLE/f11075_b845.png,SKIP
/Users/shahavi604/Desktop/training_crops_selected/88_RAGHUVEER_CIRCLE/f11075_b846.png,GJ23CK0379
/Users/shahavi604/Desktop/training_crops_selected/88_RAGHUVEER_CIRCLE/f11100_b847.png,SKIP
/Users/shahavi604/Desktop/training_crops_selected/88_RAGHUVEER_CIRCLE/f11150_b849.png,GJ23CK0379
/Users/shahavi604/Desktop/training_crops_selected/88_RAGHUVEER_CIRCLE/f1125_b103.png,GJ23CK0379
/Users/shahavi604/Desktop/training_crops_selected/88_RAGHUVEER_CIRCLE/f11450_b850.png,?
/Users/shahavi604/Desktop/training_crops_selected/88_RAGHUVEER_CIRCLE/f1150_b105.png,GJ23CK0379
/Users/shahavi604/Desktop/training_crops_selected/88_RAGHUVEER_CIRCLE/f1150_b106.png,GJ23CK0379
/Users/shahavi604/Desktop/training_crops_selected/88_RAGHUVEER_CIRCLE/f11575_b851.png,GJ23CK0379
/Users/shahavi604/Desktop/training_crops_selected/88_RAGHUVEER_CIRCLE/f11675_b853.png,GJ23CK0379
/Users/shahavi604/Desktop/training_crops_selected/88_RAGHUVEER_CIRCLE/f11750_b854.png,GJ23CK0379
/Users/shahavi604/Desktop/training_crops_selected/88_RAGHUVEER_CIRCLE/f1175_b107.png,GJ23CK0379
/Users/shahavi604/Desktop/training_crops_selected/88_RAGHUVEER_CIRCLE/f11775_b855.png,GJ23CK0379
/Users/shahavi604/Desktop/training_crops_selected/88_RAGHUVEER_CIRCLE/f11875_b857.png,GJ23DJ2142
/Users/shahavi604/Desktop/training_crops_selected/88_RAGHUVEER_CIRCLE/f11875_b858.png,GJ23DJ2142
/Users/shahavi604/Desktop/training_crops_selected/88_RAGHUVEER_CIRCLE/f11875_b859.png,GJ23CK0379
/Users/shahavi604/Desktop/training_crops_selected/88_RAGHUVEER_CIRCLE/f11950_b861.png,SKIP
/Users/shahavi604/Desktop/training_crops_selected/88_RAGHUVEER_CIRCLE/f12000_b862.png,GJ23CK0379
/Users/shahavi604/Desktop/training_crops_selected/88_RAGHUVEER_CIRCLE/f1200_b109.png,GJ23CH9671
/Users/shahavi604/Desktop/training_crops_selected/88_RAGHUVEER_CIRCLE/f1200_b111.png,GJ23CK0379
/Users/shahavi604/Desktop/training_crops_selected/88_RAGHUVEER_CIRCLE/f1225_b112.png,GJ23CH9671
/Users/shahavi604/Desktop/training_crops_selected/88_RAGHUVEER_CIRCLE/f1225_b113.png,GJ23CK0379
/Users/shahavi604/Desktop/training_crops_selected/88_RAGHUVEER_CIRCLE/f1225_b114.png,GJ23CK0379
/Users/shahavi604/Desktop/training_crops_selected/88_RAGHUVEER_CIRCLE/f12475_b863.png,GJ23CK0379
/Users/shahavi604/Desktop/training_crops_selected/88_RAGHUVEER_CIRCLE/f1250_b115.png,GJ23CH9671
/Users/shahavi604/Desktop/training_crops_selected/88_RAGHUVEER_CIRCLE/f12525_b865.png,GJ23Z6618
/Users/shahavi604/Desktop/training_crops_selected/88_RAGHUVEER_CIRCLE/f12550_b866.png,?
/Users/shahavi604/Desktop/training_crops_selected/88_RAGHUVEER_CIRCLE/f12575_b868.png,?
/Users/shahavi604/Desktop/training_crops_selected/88_RAGHUVEER_CIRCLE/f125_b13.png,GJ23CK0379
/Users/shahavi604/Desktop/training_crops_selected/88_RAGHUVEER_CIRCLE/f125_b14.png,GJ23CK0379
/Users/shahavi604/Desktop/training_crops_selected/88_RAGHUVEER_CIRCLE/f12600_b869.png,GJ23CK0379
/Users/shahavi604/Desktop/training_crops_selected/88_RAGHUVEER_CIRCLE/f12600_b870.png,SKIP
/Users/shahavi604/Desktop/training_crops_selected/88_RAGHUVEER_CIRCLE/f12625_b871.png,GJ23CK0379
/Users/shahavi604/Desktop/training_crops_selected/88_RAGHUVEER_CIRCLE/f1275_b117.png,GJ23CK0379
/Users/shahavi604/Desktop/training_crops_selected/88_RAGHUVEER_CIRCLE/f1275_b118.png,GJ23CK0379
/Users/shahavi604/Desktop/training_crops_selected/88_RAGHUVEER_CIRCLE/f12775_b873.png,SKIP
/Users/shahavi604/Desktop/training_crops_selected/88_RAGHUVEER_CIRCLE/f12800_b874.png,GJ23CK0379
/Users/shahavi604/Desktop/training_crops_selected/88_RAGHUVEER_CIRCLE/f12825_b875.png,GJ23CK0379
/Users/shahavi604/Desktop/training_crops_selected/88_RAGHUVEER_CIRCLE/f12950_b877.png,GJ23CK0379
/Users/shahavi604/Desktop/training_crops_selected/88_RAGHUVEER_CIRCLE/f13000_b878.png,GJ23CK0379
/Users/shahavi604/Desktop/training_crops_selected/88_RAGHUVEER_CIRCLE/f1300_b120.png,SKIP
/Users/shahavi604/Desktop/training_crops_selected/88_RAGHUVEER_CIRCLE/f1300_b121.png,GJ23CK0379
/Users/shahavi604/Desktop/training_crops_selected/88_RAGHUVEER_CIRCLE/f1300_b122.png,GJ23CK0379
/Users/shahavi604/Desktop/training_crops_selected/88_RAGHUVEER_CIRCLE/f1300_b124.png,SKIP
/Users/shahavi604/Desktop/training_crops_selected/88_RAGHUVEER_CIRCLE/f13025_b879.png,GJ23CK0379
/Users/shahavi604/Desktop/training_crops_selected/88_RAGHUVEER_CIRCLE/f13050_b881.png,?
/Users/shahavi604/Desktop/training_crops_selected/88_RAGHUVEER_CIRCLE/f13075_b882.png,GJ23CK0379
/Users/shahavi604/Desktop/training_crops_selected/88_RAGHUVEER_CIRCLE/f13100_b883.png,GJ23CK0379
/Users/shahavi604/Desktop/training_crops_selected/88_RAGHUVEER_CIRCLE/f13175_b885.png,GJ23CK0379
/Users/shahavi604/Desktop/training_crops_selected/88_RAGHUVEER_CIRCLE/f13200_b886.png,GJ23CK0379
/Users/shahavi604/Desktop/training_crops_selected/88_RAGHUVEER_CIRCLE/f13200_b887.png,?
/Users/shahavi604/Desktop/training_crops_selected/88_RAGHUVEER_CIRCLE/f1325_b126.png,GJ23EG2133
/Users/shahavi604/Desktop/training_crops_selected/88_RAGHUVEER_CIRCLE/f13275_b889.png,GJ23CK0379
/Users/shahavi604/Desktop/training_crops_selected/88_RAGHUVEER_CIRCLE/f13300_b890.png,GJ23CK0379
/Users/shahavi604/Desktop/training_crops_selected/88_RAGHUVEER_CIRCLE/f13325_b891.png,SKIP
/Users/shahavi604/Desktop/training_crops_selected/88_RAGHUVEER_CIRCLE/f13350_b892.png,?
/Users/shahavi604/Desktop/training_crops_selected/88_RAGHUVEER_CIRCLE/f13375_b894.png,?
/Users/shahavi604/Desktop/training_crops_selected/88_RAGHUVEER_CIRCLE/f13375_b895.png,GJ23CK0379
/Users/shahavi604/Desktop/training_crops_selected/88_RAGHUVEER_CIRCLE/f13450_b897.png,?
/Users/shahavi604/Desktop/training_crops_selected/88_RAGHUVEER_CIRCLE/f13475_b898.png,SKIP
/Users/shahavi604/Desktop/training_crops_selected/88_RAGHUVEER_CIRCLE/f1350_b127.png,GJ23CK0379
/Users/shahavi604/Desktop/training_crops_selected/88_RAGHUVEER_CIRCLE/f1350_b128.png,GJ23CK0379
/Users/shahavi604/Desktop/training_crops_selected/88_RAGHUVEER_CIRCLE/f13625_b899.png,?
/Users/shahavi604/Desktop/training_crops_selected/88_RAGHUVEER_CIRCLE/f13650_b901.png,?
/Users/shahavi604/Desktop/training_crops_selected/88_RAGHUVEER_CIRCLE/f13650_b902.png,GJ23DL0169
/Users/shahavi604/Desktop/training_crops_selected/88_RAGHUVEER_CIRCLE/f13650_b903.png,GJ23DL0169
/Users/shahavi604/Desktop/training_crops_selected/88_RAGHUVEER_CIRCLE/f1375_b130.png,GJ23CK0379
/Users/shahavi604/Desktop/training_crops_selected/88_RAGHUVEER_CIRCLE/f13800_b905.png,?
/Users/shahavi604/Desktop/training_crops_selected/88_RAGHUVEER_CIRCLE/f13825_b906.png,GJ23AX3391
/Users/shahavi604/Desktop/training_crops_selected/88_RAGHUVEER_CIRCLE/f13875_b907.png,SKIP
/Users/shahavi604/Desktop/training_crops_selected/88_RAGHUVEER_CIRCLE/f1400_b131.png,?
/Users/shahavi604/Desktop/training_crops_selected/88_RAGHUVEER_CIRCLE/f1400_b132.png,GJ23CK0379
/Users/shahavi604/Desktop/training_crops_selected/88_RAGHUVEER_CIRCLE/f14025_b909.png,GJ23CK0379
/Users/shahavi604/Desktop/training_crops_selected/88_RAGHUVEER_CIRCLE/f14050_b910.png,GJ23CK0379
/Users/shahavi604/Desktop/training_crops_selected/88_RAGHUVEER_CIRCLE/f14125_b911.png,GJ23CK0379
/Users/shahavi604/Desktop/training_crops_selected/88_RAGHUVEER_CIRCLE/f14200_b913.png,GJ23CK0379
/Users/shahavi604/Desktop/training_crops_selected/88_RAGHUVEER_CIRCLE/f14225_b914.png,GJ23CK0379
/Users/shahavi604/Desktop/training_crops_selected/88_RAGHUVEER_CIRCLE/f1425_b133.png,GJ23CK0379
/Users/shahavi604/Desktop/training_crops_selected/88_RAGHUVEER_CIRCLE/f1425_b135.png,GJ23CK0379
/Users/shahavi604/Desktop/training_crops_selected/88_RAGHUVEER_CIRCLE/f14300_b915.png,GJ23CK0379
/Users/shahavi604/Desktop/training_crops_selected/88_RAGHUVEER_CIRCLE/f14325_b916.png,?
/Users/shahavi604/Desktop/training_crops_selected/88_RAGHUVEER_CIRCLE/f14325_b917.png,GJ23CK0379
/Users/shahavi604/Desktop/training_crops_selected/88_RAGHUVEER_CIRCLE/f14350_b919.png,?
/Users/shahavi604/Desktop/training_crops_selected/88_RAGHUVEER_CIRCLE/f14375_b921.png,GJ23CK0379
/Users/shahavi604/Desktop/training_crops_selected/88_RAGHUVEER_CIRCLE/f14425_b922.png,?
/Users/shahavi604/Desktop/training_crops_selected/88_RAGHUVEER_CIRCLE/f14450_b924.png,?
/Users/shahavi604/Desktop/training_crops_selected/88_RAGHUVEER_CIRCLE/f14475_b925.png,?
/Users/shahavi604/Desktop/training_crops_selected/88_RAGHUVEER_CIRCLE/f14475_b926.png,?
/Users/shahavi604/Desktop/training_crops_selected/88_RAGHUVEER_CIRCLE/f14500_b928.png,GJ23CK0379
/Users/shahavi604/Desktop/training_crops_selected/88_RAGHUVEER_CIRCLE/f1450_b136.png,GJ23CK0379
/Users/shahavi604/Desktop/training_crops_selected/88_RAGHUVEER_CIRCLE/f1450_b137.png,SKIP
/Users/shahavi604/Desktop/training_crops_selected/88_RAGHUVEER_CIRCLE/f14525_b929.png,GJ23CK0379
/Users/shahavi604/Desktop/training_crops_selected/88_RAGHUVEER_CIRCLE/f14650_b930.png,GJ23CK0379
/Users/shahavi604/Desktop/training_crops_selected/88_RAGHUVEER_CIRCLE/f14675_b932.png,SKIP
/Users/shahavi604/Desktop/training_crops_selected/88_RAGHUVEER_CIRCLE/f1475_b139.png,GJ23CK0379
/Users/shahavi604/Desktop/training_crops_selected/88_RAGHUVEER_CIRCLE/f1475_b140.png,GJ23CF7149
/Users/shahavi604/Desktop/training_crops_selected/88_RAGHUVEER_CIRCLE/f14925_b933.png,GJ23CJ1862
/Users/shahavi604/Desktop/training_crops_selected/88_RAGHUVEER_CIRCLE/f14950_b934.png,GJ23CJ1862
/Users/shahavi604/Desktop/training_crops_selected/88_RAGHUVEER_CIRCLE/f1500_b142.png,GJ23CK0379
/Users/shahavi604/Desktop/training_crops_selected/88_RAGHUVEER_CIRCLE/f150_b15.png,GJ23CK0379
/Users/shahavi604/Desktop/training_crops_selected/88_RAGHUVEER_CIRCLE/f150_b17.png,SKIP
/Users/shahavi604/Desktop/training_crops_selected/88_RAGHUVEER_CIRCLE/f1525_b144.png,GJ23CK0379
/Users/shahavi604/Desktop/training_crops_selected/88_RAGHUVEER_CIRCLE/f1525_b145.png,GJ23CF7149
/Users/shahavi604/Desktop/training_crops_selected/88_RAGHUVEER_CIRCLE/f1525_b146.png,GJ23CK0379
/Users/shahavi604/Desktop/training_crops_selected/88_RAGHUVEER_CIRCLE/f1550_b148.png,SKIP
/Users/shahavi604/Desktop/training_crops_selected/88_RAGHUVEER_CIRCLE/f1550_b149.png,GJ23CK0379
/Users/shahavi604/Desktop/training_crops_selected/88_RAGHUVEER_CIRCLE/f1550_b150.png,SKIP
/Users/shahavi604/Desktop/training_crops_selected/88_RAGHUVEER_CIRCLE/f1575_b152.png,GJ23CK0379
/Users/shahavi604/Desktop/training_crops_selected/88_RAGHUVEER_CIRCLE/f1575_b153.png,?
/Users/shahavi604/Desktop/training_crops_selected/88_RAGHUVEER_CIRCLE/f1575_b154.png,GJ23CK0379
/Users/shahavi604/Desktop/training_crops_selected/88_RAGHUVEER_CIRCLE/f1600_b156.png,GJ23CK0379
/Users/shahavi604/Desktop/training_crops_selected/88_RAGHUVEER_CIRCLE/f1600_b157.png,SKIP
/Users/shahavi604/Desktop/training_crops_selected/88_RAGHUVEER_CIRCLE/f1600_b158.png,GJ23CK0379
/Users/shahavi604/Desktop/training_crops_selected/88_RAGHUVEER_CIRCLE/f1625_b159.png,SKIP
/Users/shahavi604/Desktop/training_crops_selected/88_RAGHUVEER_CIRCLE/f1625_b160.png,GJ23CK0379
/Users/shahavi604/Desktop/training_crops_selected/88_RAGHUVEER_CIRCLE/f1625_b161.png,GJ23CK0379
/Users/shahavi604/Desktop/training_crops_selected/88_RAGHUVEER_CIRCLE/f1650_b162.png,GJ23CK0379
/Users/shahavi604/Desktop/training_crops_selected/88_RAGHUVEER_CIRCLE/f1675_b164.png,GJ23CK0379
/Users/shahavi604/Desktop/training_crops_selected/88_RAGHUVEER_CIRCLE/f1675_b165.png,GJ23CK0379
/Users/shahavi604/Desktop/training_crops_selected/88_RAGHUVEER_CIRCLE/f1700_b166.png,SKIP
/Users/shahavi604/Desktop/training_crops_selected/88_RAGHUVEER_CIRCLE/f1700_b167.png,GJ23CK0379
/Users/shahavi604/Desktop/training_crops_selected/88_RAGHUVEER_CIRCLE/f1725_b169.png,?
/Users/shahavi604/Desktop/training_crops_selected/88_RAGHUVEER_CIRCLE/f1725_b170.png,GJ23CK0379
/Users/shahavi604/Desktop/training_crops_selected/88_RAGHUVEER_CIRCLE/f1725_b171.png,GJ23CK0379
/Users/shahavi604/Desktop/training_crops_selected/88_RAGHUVEER_CIRCLE/f1750_b173.png,GJ23CK0379
/Users/shahavi604/Desktop/training_crops_selected/88_RAGHUVEER_CIRCLE/f1750_b174.png,SKIP
/Users/shahavi604/Desktop/training_crops_selected/88_RAGHUVEER_CIRCLE/f175_b18.png,GJ23CK0379
/Users/shahavi604/Desktop/training_crops_selected/88_RAGHUVEER_CIRCLE/f1775_b176.png,SKIP
/Users/shahavi604/Desktop/training_crops_selected/88_RAGHUVEER_CIRCLE/f1775_b177.png,GJ23CK0379
/Users/shahavi604/Desktop/training_crops_selected/88_RAGHUVEER_CIRCLE/f1800_b179.png,GJ23CK0379
/Users/shahavi604/Desktop/training_crops_selected/88_RAGHUVEER_CIRCLE/f1800_b180.png,GJ23CK0379
/Users/shahavi604/Desktop/training_crops_selected/88_RAGHUVEER_CIRCLE/f1825_b181.png,SKIP
/Users/shahavi604/Desktop/training_crops_selected/88_RAGHUVEER_CIRCLE/f1825_b183.png,GJ23CK0379
/Users/shahavi604/Desktop/training_crops_selected/88_RAGHUVEER_CIRCLE/f1850_b184.png,GJ23CK0379
/Users/shahavi604/Desktop/training_crops_selected/88_RAGHUVEER_CIRCLE/f1850_b185.png,SKIP
/Users/shahavi604/Desktop/training_crops_selected/88_RAGHUVEER_CIRCLE/f1875_b186.png,GJ23CK0379
/Users/shahavi604/Desktop/training_crops_selected/88_RAGHUVEER_CIRCLE/f1900_b188.png,GJ23CK0379
/Users/shahavi604/Desktop/training_crops_selected/88_RAGHUVEER_CIRCLE/f1900_b189.png,GJ23CK0379
/Users/shahavi604/Desktop/training_crops_selected/88_RAGHUVEER_CIRCLE/f1900_b190.png,?
/Users/shahavi604/Desktop/training_crops_selected/88_RAGHUVEER_CIRCLE/f1900_b192.png,SKIP
/Users/shahavi604/Desktop/training_crops_selected/88_RAGHUVEER_CIRCLE/f1925_b193.png,GJ23CK0379
/Users/shahavi604/Desktop/training_crops_selected/88_RAGHUVEER_CIRCLE/f1925_b195.png,SKIP
/Users/shahavi604/Desktop/training_crops_selected/88_RAGHUVEER_CIRCLE/f1950_b196.png,?
/Users/shahavi604/Desktop/training_crops_selected/88_RAGHUVEER_CIRCLE/f1950_b197.png,GJ23CK0379
/Users/shahavi604/Desktop/training_crops_selected/88_RAGHUVEER_CIRCLE/f1975_b199.png,?
/Users/shahavi604/Desktop/training_crops_selected/88_RAGHUVEER_CIRCLE/f1975_b200.png,GJ23CK0379
/Users/shahavi604/Desktop/training_crops_selected/88_RAGHUVEER_CIRCLE/f1975_b201.png,GJ23CK0379
/Users/shahavi604/Desktop/training_crops_selected/88_RAGHUVEER_CIRCLE/f2000_b202.png,GJ23CK0379
/Users/shahavi604/Desktop/training_crops_selected/88_RAGHUVEER_CIRCLE/f2000_b203.png,GJ23CK0379
/Users/shahavi604/Desktop/training_crops_selected/88_RAGHUVEER_CIRCLE/f200_b20.png,GJ23CK0379
/Users/shahavi604/Desktop/training_crops_selected/88_RAGHUVEER_CIRCLE/f200_b21.png,GJ23CK0379
/Users/shahavi604/Desktop/training_crops_selected/88_RAGHUVEER_CIRCLE/f2025_b205.png,GJ23CK0379
/Users/shahavi604/Desktop/training_crops_selected/88_RAGHUVEER_CIRCLE/f2050_b207.png,GJ23CK0379
/Users/shahavi604/Desktop/training_crops_selected/88_RAGHUVEER_CIRCLE/f2050_b208.png,GJ23CK0379
/Users/shahavi604/Desktop/training_crops_selected/88_RAGHUVEER_CIRCLE/f2075_b210.png,GJ23CK0379
/Users/shahavi604/Desktop/training_crops_selected/88_RAGHUVEER_CIRCLE/f2100_b211.png,GJ23CK0379
/Users/shahavi604/Desktop/training_crops_selected/88_RAGHUVEER_CIRCLE/f2100_b212.png,GJ23CK0379
/Users/shahavi604/Desktop/training_crops_selected/88_RAGHUVEER_CIRCLE/f2125_b213.png,?
/Users/shahavi604/Desktop/training_crops_selected/88_RAGHUVEER_CIRCLE/f2125_b215.png,GJ23CK0379
/Users/shahavi604/Desktop/training_crops_selected/88_RAGHUVEER_CIRCLE/f2125_b216.png,?
/Users/shahavi604/Desktop/training_crops_selected/88_RAGHUVEER_CIRCLE/f2150_b217.png,?
/Users/shahavi604/Desktop/training_crops_selected/88_RAGHUVEER_CIRCLE/f2150_b219.png,GJ23CK0379
/Users/shahavi604/Desktop/training_crops_selected/88_RAGHUVEER_CIRCLE/f2175_b220.png,GJ23CK0379
/Users/shahavi604/Desktop/training_crops_selected/88_RAGHUVEER_CIRCLE/f2175_b222.png,?
/Users/shahavi604/Desktop/training_crops_selected/88_RAGHUVEER_CIRCLE/f2175_b223.png,GJ23CK0379
/Users/shahavi604/Desktop/training_crops_selected/88_RAGHUVEER_CIRCLE/f2200_b225.png,GJ23CK0379
/Users/shahavi604/Desktop/training_crops_selected/88_RAGHUVEER_CIRCLE/f2200_b226.png,SKIP
/Users/shahavi604/Desktop/training_crops_selected/88_RAGHUVEER_CIRCLE/f2200_b227.png,?
/Users/shahavi604/Desktop/training_crops_selected/88_RAGHUVEER_CIRCLE/f2225_b228.png,GJ23CH7050
/Users/shahavi604/Desktop/training_crops_selected/88_RAGHUVEER_CIRCLE/f2225_b230.png,GJ23CK0379
/Users/shahavi604/Desktop/training_crops_selected/88_RAGHUVEER_CIRCLE/f2225_b231.png,GJ23CK0379
/Users/shahavi604/Desktop/training_crops_selected/88_RAGHUVEER_CIRCLE/f2250_b232.png,GJ23CJ5692
/Users/shahavi604/Desktop/training_crops_selected/88_RAGHUVEER_CIRCLE/f2250_b233.png,SKIP
/Users/shahavi604/Desktop/training_crops_selected/88_RAGHUVEER_CIRCLE/f2250_b235.png,GJ23CK0379
/Users/shahavi604/Desktop/training_crops_selected/88_RAGHUVEER_CIRCLE/f225_b23.png,GJ23CK0379
/Users/shahavi604/Desktop/training_crops_selected/88_RAGHUVEER_CIRCLE/f2275_b237.png,?
/Users/shahavi604/Desktop/training_crops_selected/88_RAGHUVEER_CIRCLE/f2300_b238.png,?
/Users/shahavi604/Desktop/training_crops_selected/88_RAGHUVEER_CIRCLE/f2300_b239.png,SKIP
/Users/shahavi604/Desktop/training_crops_selected/88_RAGHUVEER_CIRCLE/f2325_b240.png,GJ23BD2126
/Users/shahavi604/Desktop/training_crops_selected/88_RAGHUVEER_CIRCLE/f2350_b241.png,SKIP
/Users/shahavi604/Desktop/training_crops_selected/88_RAGHUVEER_CIRCLE/f2375_b243.png,SKIP
/Users/shahavi604/Desktop/training_crops_selected/88_RAGHUVEER_CIRCLE/f2375_b244.png,GJ23CK0379
/Users/shahavi604/Desktop/training_crops_selected/88_RAGHUVEER_CIRCLE/f2425_b246.png,?
/Users/shahavi604/Desktop/training_crops_selected/88_RAGHUVEER_CIRCLE/f2425_b247.png,GJ23CK0379
/Users/shahavi604/Desktop/training_crops_selected/88_RAGHUVEER_CIRCLE/f2450_b248.png,GJ23CK0379
/Users/shahavi604/Desktop/training_crops_selected/88_RAGHUVEER_CIRCLE/f2450_b250.png,SKIP
/Users/shahavi604/Desktop/training_crops_selected/88_RAGHUVEER_CIRCLE/f2475_b251.png,GJ23CK0379
/Users/shahavi604/Desktop/training_crops_selected/88_RAGHUVEER_CIRCLE/f2475_b252.png,GJ23CK0379
/Users/shahavi604/Desktop/training_crops_selected/88_RAGHUVEER_CIRCLE/f2500_b253.png,GJ23CK0379
/Users/shahavi604/Desktop/training_crops_selected/88_RAGHUVEER_CIRCLE/f250_b24.png,GJ23CK0379
/Users/shahavi604/Desktop/training_crops_selected/88_RAGHUVEER_CIRCLE/f250_b25.png,GJ23CK0379
/Users/shahavi604/Desktop/training_crops_selected/88_RAGHUVEER_CIRCLE/f2525_b256.png,GJ23CK0379
/Users/shahavi604/Desktop/training_crops_selected/88_RAGHUVEER_CIRCLE/f2525_b257.png,?
/Users/shahavi604/Desktop/training_crops_selected/88_RAGHUVEER_CIRCLE/f2525_b258.png,?
/Users/shahavi604/Desktop/training_crops_selected/88_RAGHUVEER_CIRCLE/f2550_b259.png,GJ23CK0379
/Users/shahavi604/Desktop/training_crops_selected/88_RAGHUVEER_CIRCLE/f2550_b261.png,?
/Users/shahavi604/Desktop/training_crops_selected/88_RAGHUVEER_CIRCLE/f2575_b262.png,SKIP
/Users/shahavi604/Desktop/training_crops_selected/88_RAGHUVEER_CIRCLE/f2575_b263.png,GJ23CK0379
/Users/shahavi604/Desktop/training_crops_selected/88_RAGHUVEER_CIRCLE/f2575_b264.png,GJ23CK0379
/Users/shahavi604/Desktop/training_crops_selected/88_RAGHUVEER_CIRCLE/f25_b0.png,GJ23CK0379
/Users/shahavi604/Desktop/training_crops_selected/88_RAGHUVEER_CIRCLE/f25_b1.png,?
/Users/shahavi604/Desktop/training_crops_selected/88_RAGHUVEER_CIRCLE/f25_b3.png,?
/Users/shahavi604/Desktop/training_crops_selected/88_RAGHUVEER_CIRCLE/f2600_b265.png,GJ23CK0379
/Users/shahavi604/Desktop/training_crops_selected/88_RAGHUVEER_CIRCLE/f2625_b267.png,GJ23CK0379
/Users/shahavi604/Desktop/training_crops_selected/88_RAGHUVEER_CIRCLE/f2625_b268.png,SKIP
/Users/shahavi604/Desktop/training_crops_selected/88_RAGHUVEER_CIRCLE/f2650_b270.png,?
/Users/shahavi604/Desktop/training_crops_selected/88_RAGHUVEER_CIRCLE/f2650_b271.png,GJ23CK0379
/Users/shahavi604/Desktop/training_crops_selected/88_RAGHUVEER_CIRCLE/f2650_b272.png,GJ23CK0379
/Users/shahavi604/Desktop/training_crops_selected/88_RAGHUVEER_CIRCLE/f2675_b273.png,GJ23CK0379
/Users/shahavi604/Desktop/training_crops_selected/88_RAGHUVEER_CIRCLE/f2700_b275.png,GJ23CK0379
/Users/shahavi604/Desktop/training_crops_selected/88_RAGHUVEER_CIRCLE/f2725_b276.png,GJ23CK0379
/Users/shahavi604/Desktop/training_crops_selected/88_RAGHUVEER_CIRCLE/f2750_b278.png,SKIP
/Users/shahavi604/Desktop/training_crops_selected/88_RAGHUVEER_CIRCLE/f2750_b279.png,GJ23CK0379
/Users/shahavi604/Desktop/training_crops_selected/88_RAGHUVEER_CIRCLE/f2750_b280.png,GJ23CK0379
/Users/shahavi604/Desktop/training_crops_selected/88_RAGHUVEER_CIRCLE/f275_b26.png,GJ23CK0379
/Users/shahavi604/Desktop/training_crops_selected/88_RAGHUVEER_CIRCLE/f2775_b282.png,GJ23CK0379
/Users/shahavi604/Desktop/training_crops_selected/88_RAGHUVEER_CIRCLE/f2775_b283.png,GJ23CK0379
/Users/shahavi604/Desktop/training_crops_selected/88_RAGHUVEER_CIRCLE/f2800_b284.png,GJ23CK0379
/Users/shahavi604/Desktop/training_crops_selected/88_RAGHUVEER_CIRCLE/f2800_b285.png,GJ23CK0379
/Users/shahavi604/Desktop/training_crops_selected/88_RAGHUVEER_CIRCLE/f2800_b286.png,GJ23AX1594
/Users/shahavi604/Desktop/training_crops_selected/88_RAGHUVEER_CIRCLE/f2825_b288.png,GJ23CK0379
/Users/shahavi604/Desktop/training_crops_selected/88_RAGHUVEER_CIRCLE/f2850_b290.png,GJ23CK0379
/Users/shahavi604/Desktop/training_crops_selected/88_RAGHUVEER_CIRCLE/f2875_b291.png,GJ23CK0379
/Users/shahavi604/Desktop/training_crops_selected/88_RAGHUVEER_CIRCLE/f2875_b292.png,GJ23CK0379
/Users/shahavi604/Desktop/training_crops_selected/88_RAGHUVEER_CIRCLE/f2900_b294.png,GJ23CK0379
/Users/shahavi604/Desktop/training_crops_selected/88_RAGHUVEER_CIRCLE/f2925_b295.png,GJ23CK0379
/Users/shahavi604/Desktop/training_crops_selected/88_RAGHUVEER_CIRCLE/f2950_b296.png,GJ23CK0379
/Users/shahavi604/Desktop/training_crops_selected/88_RAGHUVEER_CIRCLE/f2975_b298.png,?
/Users/shahavi604/Desktop/training_crops_selected/88_RAGHUVEER_CIRCLE/f2975_b299.png,GJ23CK0379
/Users/shahavi604/Desktop/training_crops_selected/88_RAGHUVEER_CIRCLE/f3000_b300.png,?
/Users/shahavi604/Desktop/training_crops_selected/88_RAGHUVEER_CIRCLE/f3000_b302.png,GJ23CK0379
/Users/shahavi604/Desktop/training_crops_selected/88_RAGHUVEER_CIRCLE/f300_b28.png,GJ23CK0379
/Users/shahavi604/Desktop/training_crops_selected/88_RAGHUVEER_CIRCLE/f3025_b303.png,?
/Users/shahavi604/Desktop/training_crops_selected/88_RAGHUVEER_CIRCLE/f3025_b304.png,GJ23CK0379
/Users/shahavi604/Desktop/training_crops_selected/88_RAGHUVEER_CIRCLE/f3025_b306.png,SKIP
/Users/shahavi604/Desktop/training_crops_selected/88_RAGHUVEER_CIRCLE/f3050_b307.png,GJ23CK0379
/Users/shahavi604/Desktop/training_crops_selected/88_RAGHUVEER_CIRCLE/f3075_b308.png,GJ23CK0379
/Users/shahavi604/Desktop/training_crops_selected/88_RAGHUVEER_CIRCLE/f3125_b310.png,GJ23CK0379
/Users/shahavi604/Desktop/training_crops_selected/88_RAGHUVEER_CIRCLE/f3150_b311.png,GJ23CK0379
/Users/shahavi604/Desktop/training_crops_selected/88_RAGHUVEER_CIRCLE/f3150_b312.png,GJ23CK0379
/Users/shahavi604/Desktop/training_crops_selected/88_RAGHUVEER_CIRCLE/f3175_b313.png,GJ23CK0379
/Users/shahavi604/Desktop/training_crops_selected/88_RAGHUVEER_CIRCLE/f3200_b315.png,GJ23CK0379
/Users/shahavi604/Desktop/training_crops_selected/88_RAGHUVEER_CIRCLE/f3200_b316.png,GJ23CK0379
/Users/shahavi604/Desktop/training_crops_selected/88_RAGHUVEER_CIRCLE/f3225_b318.png,GJ23CK0379
/Users/shahavi604/Desktop/training_crops_selected/88_RAGHUVEER_CIRCLE/f3250_b319.png,GJ23CK0379
/Users/shahavi604/Desktop/training_crops_selected/88_RAGHUVEER_CIRCLE/f3250_b320.png,GJ23CK0379
/Users/shahavi604/Desktop/training_crops_selected/88_RAGHUVEER_CIRCLE/f325_b29.png,GJ23CK0379
/Users/shahavi604/Desktop/training_crops_selected/88_RAGHUVEER_CIRCLE/f325_b30.png,GJ23CK0379
/Users/shahavi604/Desktop/training_crops_selected/88_RAGHUVEER_CIRCLE/f3275_b321.png,GJ23CK0379
/Users/shahavi604/Desktop/training_crops_selected/88_RAGHUVEER_CIRCLE/f3300_b323.png,GJ23CK0379
/Users/shahavi604/Desktop/training_crops_selected/88_RAGHUVEER_CIRCLE/f3300_b324.png,GJ23CK0379
/Users/shahavi604/Desktop/training_crops_selected/88_RAGHUVEER_CIRCLE/f3350_b326.png,GJ23CK0379
/Users/shahavi604/Desktop/training_crops_selected/88_RAGHUVEER_CIRCLE/f3350_b327.png,GJ23CK0379
/Users/shahavi604/Desktop/training_crops_selected/88_RAGHUVEER_CIRCLE/f3375_b328.png,GJ23CK0379
/Users/shahavi604/Desktop/training_crops_selected/88_RAGHUVEER_CIRCLE/f3400_b330.png,GJ23CK0379
/Users/shahavi604/Desktop/training_crops_selected/88_RAGHUVEER_CIRCLE/f3400_b331.png,GJ23CK0379
/Users/shahavi604/Desktop/training_crops_selected/88_RAGHUVEER_CIRCLE/f3425_b332.png,GJ23CK0379
/Users/shahavi604/Desktop/training_crops_selected/88_RAGHUVEER_CIRCLE/f3450_b334.png,GJ23CK0379
/Users/shahavi604/Desktop/training_crops_selected/88_RAGHUVEER_CIRCLE/f3450_b335.png,GJ23CK0379
/Users/shahavi604/Desktop/training_crops_selected/88_RAGHUVEER_CIRCLE/f3475_b337.png,GJ23CK0379
/Users/shahavi604/Desktop/training_crops_selected/88_RAGHUVEER_CIRCLE/f3500_b338.png,GJ23CK0379
/Users/shahavi604/Desktop/training_crops_selected/88_RAGHUVEER_CIRCLE/f3500_b339.png,GJ23CK0379
/Users/shahavi604/Desktop/training_crops_selected/88_RAGHUVEER_CIRCLE/f350_b32.png,SKIP
/Users/shahavi604/Desktop/training_crops_selected/88_RAGHUVEER_CIRCLE/f350_b33.png,GJ23CK0379
/Users/shahavi604/Desktop/training_crops_selected/88_RAGHUVEER_CIRCLE/f350_b34.png,?
/Users/shahavi604/Desktop/training_crops_selected/88_RAGHUVEER_CIRCLE/f3525_b340.png,GJ23CK0379
/Users/shahavi604/Desktop/training_crops_selected/88_RAGHUVEER_CIRCLE/f3550_b342.png,GJ23CK0379
/Users/shahavi604/Desktop/training_crops_selected/88_RAGHUVEER_CIRCLE/f3550_b343.png,GJ23CK0379
/Users/shahavi604/Desktop/training_crops_selected/88_RAGHUVEER_CIRCLE/f3575_b345.png,GJ23CK0379
/Users/shahavi604/Desktop/training_crops_selected/88_RAGHUVEER_CIRCLE/f3600_b346.png,GJ23CK0379
/Users/shahavi604/Desktop/training_crops_selected/88_RAGHUVEER_CIRCLE/f3600_b347.png,GJ23CK0379
/Users/shahavi604/Desktop/training_crops_selected/88_RAGHUVEER_CIRCLE/f3625_b348.png,GJ23CK0379
/Users/shahavi604/Desktop/training_crops_selected/88_RAGHUVEER_CIRCLE/f3650_b350.png,GJ23CK0379
/Users/shahavi604/Desktop/training_crops_selected/88_RAGHUVEER_CIRCLE/f3650_b351.png,GJ23CK0379
/Users/shahavi604/Desktop/training_crops_selected/88_RAGHUVEER_CIRCLE/f3675_b352.png,GJ23CK0379
/Users/shahavi604/Desktop/training_crops_selected/88_RAGHUVEER_CIRCLE/f3700_b354.png,GJ23CK0379
/Users/shahavi604/Desktop/training_crops_selected/88_RAGHUVEER_CIRCLE/f3700_b355.png,?
/Users/shahavi604/Desktop/training_crops_selected/88_RAGHUVEER_CIRCLE/f3725_b357.png,GJ23CK0379
/Users/shahavi604/Desktop/training_crops_selected/88_RAGHUVEER_CIRCLE/f3725_b358.png,GJ23CK0379
/Users/shahavi604/Desktop/training_crops_selected/88_RAGHUVEER_CIRCLE/f3750_b359.png,?
/Users/shahavi604/Desktop/training_crops_selected/88_RAGHUVEER_CIRCLE/f3750_b361.png,GJ23CK0379
/Users/shahavi604/Desktop/training_crops_selected/88_RAGHUVEER_CIRCLE/f375_b35.png,GJ23CK0379
/Users/shahavi604/Desktop/training_crops_selected/88_RAGHUVEER_CIRCLE/f3775_b362.png,?
/Users/shahavi604/Desktop/training_crops_selected/88_RAGHUVEER_CIRCLE/f3775_b363.png,GJ23CK0379
/Users/shahavi604/Desktop/training_crops_selected/88_RAGHUVEER_CIRCLE/f3800_b365.png,?
/Users/shahavi604/Desktop/training_crops_selected/88_RAGHUVEER_CIRCLE/f3800_b366.png,GJ23CK0379
/Users/shahavi604/Desktop/training_crops_selected/88_RAGHUVEER_CIRCLE/f3800_b367.png,SKIP
/Users/shahavi604/Desktop/training_crops_selected/88_RAGHUVEER_CIRCLE/f3825_b369.png,?
/Users/shahavi604/Desktop/training_crops_selected/88_RAGHUVEER_CIRCLE/f3825_b370.png,GJ23CK0379
/Users/shahavi604/Desktop/training_crops_selected/88_RAGHUVEER_CIRCLE/f3825_b371.png,GJ23CK0379
/Users/shahavi604/Desktop/training_crops_selected/88_RAGHUVEER_CIRCLE/f3850_b372.png,GJ23CK0379
/Users/shahavi604/Desktop/training_crops_selected/88_RAGHUVEER_CIRCLE/f3850_b373.png,GJ23CJ1151
/Users/shahavi604/Desktop/training_crops_selected/88_RAGHUVEER_CIRCLE/f3875_b375.png,GJ23CJ1151
/Users/shahavi604/Desktop/training_crops_selected/88_RAGHUVEER_CIRCLE/f3875_b377.png,GJ23CK0379
/Users/shahavi604/Desktop/training_crops_selected/88_RAGHUVEER_CIRCLE/f3900_b378.png,GJ23CJ1151
/Users/shahavi604/Desktop/training_crops_selected/88_RAGHUVEER_CIRCLE/f3900_b379.png,GJ23CK0379
/Users/shahavi604/Desktop/training_crops_selected/88_RAGHUVEER_CIRCLE/f3925_b381.png,GJ23CK0379
/Users/shahavi604/Desktop/training_crops_selected/88_RAGHUVEER_CIRCLE/f3950_b382.png,GJ23CK0379
/Users/shahavi604/Desktop/training_crops_selected/88_RAGHUVEER_CIRCLE/f3975_b383.png,GJ23CK0379
/Users/shahavi604/Desktop/training_crops_selected/88_RAGHUVEER_CIRCLE/f400_b37.png,GJ23CK0379
/Users/shahavi604/Desktop/training_crops_selected/88_RAGHUVEER_CIRCLE/f400_b38.png,GJ23CK0379
/Users/shahavi604/Desktop/training_crops_selected/88_RAGHUVEER_CIRCLE/f4025_b385.png,GJ23CG2842
/Users/shahavi604/Desktop/training_crops_selected/88_RAGHUVEER_CIRCLE/f4025_b386.png,GJ23CK0379
/Users/shahavi604/Desktop/training_crops_selected/88_RAGHUVEER_CIRCLE/f4025_b387.png,GJ23CK0379
/Users/shahavi604/Desktop/training_crops_selected/88_RAGHUVEER_CIRCLE/f4050_b389.png,GJ23CK0379
/Users/shahavi604/Desktop/training_crops_selected/88_RAGHUVEER_CIRCLE/f4050_b390.png,GJ23CG2842
/Users/shahavi604/Desktop/training_crops_selected/88_RAGHUVEER_CIRCLE/f4050_b391.png,GJ23CK0379
/Users/shahavi604/Desktop/training_crops_selected/88_RAGHUVEER_CIRCLE/f4075_b392.png,GJ23CG2842
/Users/shahavi604/Desktop/training_crops_selected/88_RAGHUVEER_CIRCLE/f4075_b393.png,GJ23CK0379
/Users/shahavi604/Desktop/training_crops_selected/88_RAGHUVEER_CIRCLE/f4100_b395.png,SKIP
/Users/shahavi604/Desktop/training_crops_selected/88_RAGHUVEER_CIRCLE/f4100_b396.png,GJ23CK0379
/Users/shahavi604/Desktop/training_crops_selected/88_RAGHUVEER_CIRCLE/f4125_b398.png,GJ23CK0379
/Users/shahavi604/Desktop/training_crops_selected/88_RAGHUVEER_CIRCLE/f4125_b399.png,GJ23CK0379
/Users/shahavi604/Desktop/training_crops_selected/88_RAGHUVEER_CIRCLE/f4150_b401.png,GJ23CK0379
/Users/shahavi604/Desktop/training_crops_selected/88_RAGHUVEER_CIRCLE/f4175_b402.png,GJ23CK0379
/Users/shahavi604/Desktop/training_crops_selected/88_RAGHUVEER_CIRCLE/f4175_b403.png,GJ23CK0379
/Users/shahavi604/Desktop/training_crops_selected/88_RAGHUVEER_CIRCLE/f4200_b405.png,GJ23CK0379
/Users/shahavi604/Desktop/training_crops_selected/88_RAGHUVEER_CIRCLE/f4225_b406.png,GJ23CK0379
/Users/shahavi604/Desktop/training_crops_selected/88_RAGHUVEER_CIRCLE/f4250_b407.png,GJ23CK0379
/Users/shahavi604/Desktop/training_crops_selected/88_RAGHUVEER_CIRCLE/f425_b40.png,GJ23CK0379
/Users/shahavi604/Desktop/training_crops_selected/88_RAGHUVEER_CIRCLE/f425_b41.png,?
/Users/shahavi604/Desktop/training_crops_selected/88_RAGHUVEER_CIRCLE/f425_b42.png,?
/Users/shahavi604/Desktop/training_crops_selected/88_RAGHUVEER_CIRCLE/f4300_b409.png,GJ23CK0379
/Users/shahavi604/Desktop/training_crops_selected/88_RAGHUVEER_CIRCLE/f4300_b410.png,GJ23CK0379
/Users/shahavi604/Desktop/training_crops_selected/88_RAGHUVEER_CIRCLE/f4300_b411.png,GJ23CK0379
/Users/shahavi604/Desktop/training_crops_selected/88_RAGHUVEER_CIRCLE/f4325_b413.png,GJ01KW5278
/Users/shahavi604/Desktop/training_crops_selected/88_RAGHUVEER_CIRCLE/f4325_b414.png,GJ01KW5278
/Users/shahavi604/Desktop/training_crops_selected/88_RAGHUVEER_CIRCLE/f4325_b415.png,GJ23CK0379
/Users/shahavi604/Desktop/training_crops_selected/88_RAGHUVEER_CIRCLE/f4350_b416.png,GJ23CK0379
/Users/shahavi604/Desktop/training_crops_selected/88_RAGHUVEER_CIRCLE/f4350_b417.png,SKIP
/Users/shahavi604/Desktop/training_crops_selected/88_RAGHUVEER_CIRCLE/f4375_b420.png,GJ23CK0379
/Users/shahavi604/Desktop/training_crops_selected/88_RAGHUVEER_CIRCLE/f4400_b421.png,GJ23CK0379
/Users/shahavi604/Desktop/training_crops_selected/88_RAGHUVEER_CIRCLE/f4400_b422.png,GJ23CK0379
/Users/shahavi604/Desktop/training_crops_selected/88_RAGHUVEER_CIRCLE/f4400_b423.png,?
/Users/shahavi604/Desktop/training_crops_selected/88_RAGHUVEER_CIRCLE/f4425_b424.png,GJ23CK0379
/Users/shahavi604/Desktop/training_crops_selected/88_RAGHUVEER_CIRCLE/f4425_b425.png,GJ23CK0379
/Users/shahavi604/Desktop/training_crops_selected/88_RAGHUVEER_CIRCLE/f4450_b427.png,GJ23CK0379
/Users/shahavi604/Desktop/training_crops_selected/88_RAGHUVEER_CIRCLE/f4450_b429.png,GJ23CK0379
/Users/shahavi604/Desktop/training_crops_selected/88_RAGHUVEER_CIRCLE/f4475_b430.png,GJ23CK0379
/Users/shahavi604/Desktop/training_crops_selected/88_RAGHUVEER_CIRCLE/f4475_b431.png,SKIP
/Users/shahavi604/Desktop/training_crops_selected/88_RAGHUVEER_CIRCLE/f4500_b432.png,GJ23CK0379
/Users/shahavi604/Desktop/training_crops_selected/88_RAGHUVEER_CIRCLE/f4525_b434.png,SKIP
/Users/shahavi604/Desktop/training_crops_selected/88_RAGHUVEER_CIRCLE/f4525_b435.png,GJ23CK0379
/Users/shahavi604/Desktop/training_crops_selected/88_RAGHUVEER_CIRCLE/f4525_b436.png,SKIP
/Users/shahavi604/Desktop/training_crops_selected/88_RAGHUVEER_CIRCLE/f4550_b438.png,GJ23CK0379
/Users/shahavi604/Desktop/training_crops_selected/88_RAGHUVEER_CIRCLE/f4550_b439.png,SKIP
/Users/shahavi604/Desktop/training_crops_selected/88_RAGHUVEER_CIRCLE/f4550_b440.png,?
/Users/shahavi604/Desktop/training_crops_selected/88_RAGHUVEER_CIRCLE/f4575_b442.png,GJ23CK0379
/Users/shahavi604/Desktop/training_crops_selected/88_RAGHUVEER_CIRCLE/f4575_b443.png,GJ23CK0379
/Users/shahavi604/Desktop/training_crops_selected/88_RAGHUVEER_CIRCLE/f4600_b444.png,GJ23AV4120
/Users/shahavi604/Desktop/training_crops_selected/88_RAGHUVEER_CIRCLE/f4600_b445.png,SKIP
/Users/shahavi604/Desktop/training_crops_selected/88_RAGHUVEER_CIRCLE/f4600_b447.png,GJ23CK0379
/Users/shahavi604/Desktop/training_crops_selected/88_RAGHUVEER_CIRCLE/f4625_b449.png,GJ23CK0379
/Users/shahavi604/Desktop/training_crops_selected/88_RAGHUVEER_CIRCLE/f4625_b450.png,SKIP
/Users/shahavi604/Desktop/training_crops_selected/88_RAGHUVEER_CIRCLE/f4650_b452.png,GJ23CK0379
/Users/shahavi604/Desktop/training_crops_selected/88_RAGHUVEER_CIRCLE/f4675_b453.png,GJ23CK0379
/Users/shahavi604/Desktop/training_crops_selected/88_RAGHUVEER_CIRCLE/f4675_b454.png,GJ23CK0379
/Users/shahavi604/Desktop/training_crops_selected/88_RAGHUVEER_CIRCLE/f4700_b455.png,GJ23CK0379
/Users/shahavi604/Desktop/training_crops_selected/88_RAGHUVEER_CIRCLE/f4725_b457.png,GJ23CK0379
/Users/shahavi604/Desktop/training_crops_selected/88_RAGHUVEER_CIRCLE/f4725_b458.png,?
/Users/shahavi604/Desktop/training_crops_selected/88_RAGHUVEER_CIRCLE/f4750_b459.png,GJ23CK0379
/Users/shahavi604/Desktop/training_crops_selected/88_RAGHUVEER_CIRCLE/f4750_b461.png,GJ23CK0379
/Users/shahavi604/Desktop/training_crops_selected/88_RAGHUVEER_CIRCLE/f475_b44.png,GJ23CK0379
/Users/shahavi604/Desktop/training_crops_selected/88_RAGHUVEER_CIRCLE/f475_b45.png,GJ23CK0379
/Users/shahavi604/Desktop/training_crops_selected/88_RAGHUVEER_CIRCLE/f4775_b462.png,GJ23CK0379
/Users/shahavi604/Desktop/training_crops_selected/88_RAGHUVEER_CIRCLE/f4775_b463.png,GJ23CK0379
/Users/shahavi604/Desktop/training_crops_selected/88_RAGHUVEER_CIRCLE/f4775_b464.png,SKIP
/Users/shahavi604/Desktop/training_crops_selected/88_RAGHUVEER_CIRCLE/f4800_b466.png,GJ23CK0379
/Users/shahavi604/Desktop/training_crops_selected/88_RAGHUVEER_CIRCLE/f4825_b468.png,GJ23CK0379
/Users/shahavi604/Desktop/training_crops_selected/88_RAGHUVEER_CIRCLE/f4825_b469.png,GJ23CK0379
/Users/shahavi604/Desktop/training_crops_selected/88_RAGHUVEER_CIRCLE/f4850_b471.png,GJ23CK0379
/Users/shahavi604/Desktop/training_crops_selected/88_RAGHUVEER_CIRCLE/f4875_b472.png,GJ23CK0379
/Users/shahavi604/Desktop/training_crops_selected/88_RAGHUVEER_CIRCLE/f4875_b473.png,GJ23CK0379
/Users/shahavi604/Desktop/training_crops_selected/88_RAGHUVEER_CIRCLE/f4900_b475.png,GJ23CK0379
/Users/shahavi604/Desktop/training_crops_selected/88_RAGHUVEER_CIRCLE/f4900_b476.png,?
/Users/shahavi604/Desktop/training_crops_selected/88_RAGHUVEER_CIRCLE/f4925_b477.png,GJ23CK0379
/Users/shahavi604/Desktop/training_crops_selected/88_RAGHUVEER_CIRCLE/f4925_b478.png,GJ23CK0379
/Users/shahavi604/Desktop/training_crops_selected/88_RAGHUVEER_CIRCLE/f4950_b480.png,GJ23CK0379
/Users/shahavi604/Desktop/training_crops_selected/88_RAGHUVEER_CIRCLE/f4950_b481.png,GJ23CK0379
/Users/shahavi604/Desktop/training_crops_selected/88_RAGHUVEER_CIRCLE/f4975_b482.png,?
/Users/shahavi604/Desktop/training_crops_selected/88_RAGHUVEER_CIRCLE/f4975_b484.png,GJ23CK0379
/Users/shahavi604/Desktop/training_crops_selected/88_RAGHUVEER_CIRCLE/f5000_b485.png,GJ23CK0379
/Users/shahavi604/Desktop/training_crops_selected/88_RAGHUVEER_CIRCLE/f5000_b486.png,GJ23CK0379
/Users/shahavi604/Desktop/training_crops_selected/88_RAGHUVEER_CIRCLE/f500_b46.png,GJ23CK0379
/Users/shahavi604/Desktop/training_crops_selected/88_RAGHUVEER_CIRCLE/f500_b48.png,?
/Users/shahavi604/Desktop/training_crops_selected/88_RAGHUVEER_CIRCLE/f500_b49.png,?
/Users/shahavi604/Desktop/training_crops_selected/88_RAGHUVEER_CIRCLE/f5025_b488.png,?
/Users/shahavi604/Desktop/training_crops_selected/88_RAGHUVEER_CIRCLE/f5025_b489.png,GJ23CK0379
/Users/shahavi604/Desktop/training_crops_selected/88_RAGHUVEER_CIRCLE/f5025_b490.png,GJ23CK0379
/Users/shahavi604/Desktop/training_crops_selected/88_RAGHUVEER_CIRCLE/f5050_b492.png,?
/Users/shahavi604/Desktop/training_crops_selected/88_RAGHUVEER_CIRCLE/f5050_b493.png,GJ23CK0379
/Users/shahavi604/Desktop/training_crops_selected/88_RAGHUVEER_CIRCLE/f5075_b495.png,SKIP
/Users/shahavi604/Desktop/training_crops_selected/88_RAGHUVEER_CIRCLE/f5075_b496.png,GJ23CK0379
/Users/shahavi604/Desktop/training_crops_selected/88_RAGHUVEER_CIRCLE/f50_b4.png,GJ23CK0379
/Users/shahavi604/Desktop/training_crops_selected/88_RAGHUVEER_CIRCLE/f50_b5.png,GJ23CK0379
/Users/shahavi604/Desktop/training_crops_selected/88_RAGHUVEER_CIRCLE/f5100_b497.png,GJ23CK0379
/Users/shahavi604/Desktop/training_crops_selected/88_RAGHUVEER_CIRCLE/f5100_b498.png,GJ23CK0379
/Users/shahavi604/Desktop/training_crops_selected/88_RAGHUVEER_CIRCLE/f5175_b500.png,SKIP
/Users/shahavi604/Desktop/training_crops_selected/88_RAGHUVEER_CIRCLE/f5200_b502.png,GJ23CF8122
/Users/shahavi604/Desktop/training_crops_selected/88_RAGHUVEER_CIRCLE/f5200_b503.png,SKIP
/Users/shahavi604/Desktop/training_crops_selected/88_RAGHUVEER_CIRCLE/f5200_b504.png,GJ23CK0379
/Users/shahavi604/Desktop/training_crops_selected/88_RAGHUVEER_CIRCLE/f5200_b505.png,GJ23CK0379
/Users/shahavi604/Desktop/training_crops_selected/88_RAGHUVEER_CIRCLE/f5225_b507.png,GJ23CK0379
/Users/shahavi604/Desktop/training_crops_selected/88_RAGHUVEER_CIRCLE/f5225_b508.png,GJ23CK0379
/Users/shahavi604/Desktop/training_crops_selected/88_RAGHUVEER_CIRCLE/f5250_b509.png,GJ23CF8122
/Users/shahavi604/Desktop/training_crops_selected/88_RAGHUVEER_CIRCLE/f5250_b510.png,GJ23CK0379
/Users/shahavi604/Desktop/training_crops_selected/88_RAGHUVEER_CIRCLE/f525_b50.png,GJ23CK0379
/Users/shahavi604/Desktop/training_crops_selected/88_RAGHUVEER_CIRCLE/f5275_b512.png,?
/Users/shahavi604/Desktop/training_crops_selected/88_RAGHUVEER_CIRCLE/f5300_b513.png,GJ23CK0379
/Users/shahavi604/Desktop/training_crops_selected/88_RAGHUVEER_CIRCLE/f5300_b514.png,GJ23CK0379
/Users/shahavi604/Desktop/training_crops_selected/88_RAGHUVEER_CIRCLE/f5325_b515.png,GJ23CK0379
/Users/shahavi604/Desktop/training_crops_selected/88_RAGHUVEER_CIRCLE/f5350_b517.png,?
/Users/shahavi604/Desktop/training_crops_selected/88_RAGHUVEER_CIRCLE/f5350_b518.png,GJ23CK0379
/Users/shahavi604/Desktop/training_crops_selected/88_RAGHUVEER_CIRCLE/f5350_b520.png,SKIP
/Users/shahavi604/Desktop/training_crops_selected/88_RAGHUVEER_CIRCLE/f5375_b521.png,GJ23CK0379
/Users/shahavi604/Desktop/training_crops_selected/88_RAGHUVEER_CIRCLE/f5375_b523.png,?
/Users/shahavi604/Desktop/training_crops_selected/88_RAGHUVEER_CIRCLE/f5375_b524.png,SKIP
/Users/shahavi604/Desktop/training_crops_selected/88_RAGHUVEER_CIRCLE/f5400_b525.png,GJ27AA9464
/Users/shahavi604/Desktop/training_crops_selected/88_RAGHUVEER_CIRCLE/f5400_b526.png,GJ23CK0379
/Users/shahavi604/Desktop/training_crops_selected/88_RAGHUVEER_CIRCLE/f5425_b528.png,GJ23CK0379
/Users/shahavi604/Desktop/training_crops_selected/88_RAGHUVEER_CIRCLE/f5425_b529.png,GJ23CK0379
/Users/shahavi604/Desktop/training_crops_selected/88_RAGHUVEER_CIRCLE/f5450_b531.png,GJ23CK0379
/Users/shahavi604/Desktop/training_crops_selected/88_RAGHUVEER_CIRCLE/f5450_b532.png,?
/Users/shahavi604/Desktop/training_crops_selected/88_RAGHUVEER_CIRCLE/f5475_b534.png,?
/Users/shahavi604/Desktop/training_crops_selected/88_RAGHUVEER_CIRCLE/f5475_b535.png,GJ23CK0379
/Users/shahavi604/Desktop/training_crops_selected/88_RAGHUVEER_CIRCLE/f5500_b537.png,GJ23CK0379
/Users/shahavi604/Desktop/training_crops_selected/88_RAGHUVEER_CIRCLE/f5500_b538.png,GJ23CK0379
/Users/shahavi604/Desktop/training_crops_selected/88_RAGHUVEER_CIRCLE/f5500_b539.png,SKIP
/Users/shahavi604/Desktop/training_crops_selected/88_RAGHUVEER_CIRCLE/f5525_b541.png,?
/Users/shahavi604/Desktop/training_crops_selected/88_RAGHUVEER_CIRCLE/f5525_b542.png,GJ23CK0379
/Users/shahavi604/Desktop/training_crops_selected/88_RAGHUVEER_CIRCLE/f5525_b543.png,GJ23CK0379
/Users/shahavi604/Desktop/training_crops_selected/88_RAGHUVEER_CIRCLE/f5550_b544.png,GJ23CE5201
/Users/shahavi604/Desktop/training_crops_selected/88_RAGHUVEER_CIRCLE/f5550_b545.png,GJ23CK0379
/Users/shahavi604/Desktop/training_crops_selected/88_RAGHUVEER_CIRCLE/f5550_b546.png,GJ23CK0379
/Users/shahavi604/Desktop/training_crops_selected/88_RAGHUVEER_CIRCLE/f5600_b548.png,GJ23CK0379
/Users/shahavi604/Desktop/training_crops_selected/88_RAGHUVEER_CIRCLE/f5600_b549.png,GJ23CK0379
/Users/shahavi604/Desktop/training_crops_selected/88_RAGHUVEER_CIRCLE/f5625_b551.png,GJ23CK0379
/Users/shahavi604/Desktop/training_crops_selected/88_RAGHUVEER_CIRCLE/f5650_b553.png,GJ23CK0379
/Users/shahavi604/Desktop/training_crops_selected/88_RAGHUVEER_CIRCLE/f5650_b554.png,SKIP
/Users/shahavi604/Desktop/training_crops_selected/88_RAGHUVEER_CIRCLE/f5650_b555.png,SKIP
/Users/shahavi604/Desktop/training_crops_selected/88_RAGHUVEER_CIRCLE/f5675_b556.png,GJ23CK0379
/Users/shahavi604/Desktop/training_crops_selected/88_RAGHUVEER_CIRCLE/f5675_b557.png,GJ23CK0379
/Users/shahavi604/Desktop/training_crops_selected/88_RAGHUVEER_CIRCLE/f5700_b559.png,GJ23CK0379
/Users/shahavi604/Desktop/training_crops_selected/88_RAGHUVEER_CIRCLE/f5725_b560.png,GJ23CK0379
/Users/shahavi604/Desktop/training_crops_selected/88_RAGHUVEER_CIRCLE/f5725_b561.png,GJ23CK0379
/Users/shahavi604/Desktop/training_crops_selected/88_RAGHUVEER_CIRCLE/f5750_b563.png,GJ23CK0379
/Users/shahavi604/Desktop/training_crops_selected/88_RAGHUVEER_CIRCLE/f575_b52.png,GJ23CK0379
/Users/shahavi604/Desktop/training_crops_selected/88_RAGHUVEER_CIRCLE/f575_b53.png,GJ23CK0379
/Users/shahavi604/Desktop/training_crops_selected/88_RAGHUVEER_CIRCLE/f5775_b564.png,GJ23CK0379
/Users/shahavi604/Desktop/training_crops_selected/88_RAGHUVEER_CIRCLE/f5775_b565.png,GJ23CK0379
/Users/shahavi604/Desktop/training_crops_selected/88_RAGHUVEER_CIRCLE/f5800_b567.png,GJ23CK0379
/Users/shahavi604/Desktop/training_crops_selected/88_RAGHUVEER_CIRCLE/f5825_b568.png,GJ23CK0379
/Users/shahavi604/Desktop/training_crops_selected/88_RAGHUVEER_CIRCLE/f5825_b569.png,GJ23CK0379
/Users/shahavi604/Desktop/training_crops_selected/88_RAGHUVEER_CIRCLE/f5850_b570.png,GJ23CK0379
/Users/shahavi604/Desktop/training_crops_selected/88_RAGHUVEER_CIRCLE/f5875_b572.png,GJ23CK0379
/Users/shahavi604/Desktop/training_crops_selected/88_RAGHUVEER_CIRCLE/f5875_b573.png,GJ23CK0379
/Users/shahavi604/Desktop/training_crops_selected/88_RAGHUVEER_CIRCLE/f5900_b575.png,GJ23CK0379
/Users/shahavi604/Desktop/training_crops_selected/88_RAGHUVEER_CIRCLE/f5925_b576.png,GJ23CK0379
/Users/shahavi604/Desktop/training_crops_selected/88_RAGHUVEER_CIRCLE/f5925_b577.png,GJ23CK0379
/Users/shahavi604/Desktop/training_crops_selected/88_RAGHUVEER_CIRCLE/f5950_b579.png,GJ23CK0379
/Users/shahavi604/Desktop/training_crops_selected/88_RAGHUVEER_CIRCLE/f5975_b580.png,GJ23CK0379
/Users/shahavi604/Desktop/training_crops_selected/88_RAGHUVEER_CIRCLE/f5975_b581.png,GJ23CK0379
/Users/shahavi604/Desktop/training_crops_selected/88_RAGHUVEER_CIRCLE/f6000_b582.png,GJ23CK0379
/Users/shahavi604/Desktop/training_crops_selected/88_RAGHUVEER_CIRCLE/f600_b55.png,GJ23CK0379
/Users/shahavi604/Desktop/training_crops_selected/88_RAGHUVEER_CIRCLE/f6025_b584.png,GJ23CK0379
/Users/shahavi604/Desktop/training_crops_selected/88_RAGHUVEER_CIRCLE/f6025_b585.png,GJ23CK0379
/Users/shahavi604/Desktop/training_crops_selected/88_RAGHUVEER_CIRCLE/f6075_b587.png,SKIP
/Users/shahavi604/Desktop/training_crops_selected/88_RAGHUVEER_CIRCLE/f6075_b588.png,GJ23CK0379
/Users/shahavi604/Desktop/training_crops_selected/88_RAGHUVEER_CIRCLE/f6100_b590.png,GJ23CK0379
/Users/shahavi604/Desktop/training_crops_selected/88_RAGHUVEER_CIRCLE/f6125_b591.png,GJ23CK0379
/Users/shahavi604/Desktop/training_crops_selected/88_RAGHUVEER_CIRCLE/f6125_b592.png,GJ23CK0379
/Users/shahavi604/Desktop/training_crops_selected/88_RAGHUVEER_CIRCLE/f6150_b594.png,GJ23CK0379
/Users/shahavi604/Desktop/training_crops_selected/88_RAGHUVEER_CIRCLE/f6175_b595.png,GJ23CK0379
/Users/shahavi604/Desktop/training_crops_selected/88_RAGHUVEER_CIRCLE/f6175_b596.png,GJ23CK0379
/Users/shahavi604/Desktop/training_crops_selected/88_RAGHUVEER_CIRCLE/f6200_b597.png,GJ23CK0379
/Users/shahavi604/Desktop/training_crops_selected/88_RAGHUVEER_CIRCLE/f6225_b598.png,GJ23CK0379
/Users/shahavi604/Desktop/training_crops_selected/88_RAGHUVEER_CIRCLE/f6250_b600.png,GJ23CK0379
/Users/shahavi604/Desktop/training_crops_selected/88_RAGHUVEER_CIRCLE/f6250_b601.png,GJ23CK0379
/Users/shahavi604/Desktop/training_crops_selected/88_RAGHUVEER_CIRCLE/f625_b56.png,GJ23CK0379
/Users/shahavi604/Desktop/training_crops_selected/88_RAGHUVEER_CIRCLE/f625_b57.png,GJ23CK0379
/Users/shahavi604/Desktop/training_crops_selected/88_RAGHUVEER_CIRCLE/f6275_b603.png,GJ23CK0379
/Users/shahavi604/Desktop/training_crops_selected/88_RAGHUVEER_CIRCLE/f6300_b604.png,?
/Users/shahavi604/Desktop/training_crops_selected/88_RAGHUVEER_CIRCLE/f6300_b605.png,GJ23CK0379
/Users/shahavi604/Desktop/training_crops_selected/88_RAGHUVEER_CIRCLE/f6325_b607.png,SKIP
/Users/shahavi604/Desktop/training_crops_selected/88_RAGHUVEER_CIRCLE/f6325_b608.png,GJ23CK0379
/Users/shahavi604/Desktop/training_crops_selected/88_RAGHUVEER_CIRCLE/f6325_b609.png,GJ23CK0379
/Users/shahavi604/Desktop/training_crops_selected/88_RAGHUVEER_CIRCLE/f6350_b610.png,GJ23CK0379
/Users/shahavi604/Desktop/training_crops_selected/88_RAGHUVEER_CIRCLE/f6375_b612.png,GJ23CK0379
/Users/shahavi604/Desktop/training_crops_selected/88_RAGHUVEER_CIRCLE/f6400_b614.png,GJ23CK0379
/Users/shahavi604/Desktop/training_crops_selected/88_RAGHUVEER_CIRCLE/f6425_b615.png,GJ23CK0379
/Users/shahavi604/Desktop/training_crops_selected/88_RAGHUVEER_CIRCLE/f6425_b616.png,GJ23CK0379
/Users/shahavi604/Desktop/training_crops_selected/88_RAGHUVEER_CIRCLE/f6450_b617.png,GJ23CB7122
/Users/shahavi604/Desktop/training_crops_selected/88_RAGHUVEER_CIRCLE/f6450_b618.png,GJ23CK0379
/Users/shahavi604/Desktop/training_crops_selected/88_RAGHUVEER_CIRCLE/f6475_b621.png,GJ23CK0379
/Users/shahavi604/Desktop/training_crops_selected/88_RAGHUVEER_CIRCLE/f6475_b622.png,GJ23CK0379
/Users/shahavi604/Desktop/training_crops_selected/88_RAGHUVEER_CIRCLE/f6500_b624.png,GJ23CB7122
/Users/shahavi604/Desktop/training_crops_selected/88_RAGHUVEER_CIRCLE/f6500_b625.png,GJ23CK0379
/Users/shahavi604/Desktop/training_crops_selected/88_RAGHUVEER_CIRCLE/f6500_b626.png,GJ23CK0379
/Users/shahavi604/Desktop/training_crops_selected/88_RAGHUVEER_CIRCLE/f650_b59.png,GJ23CK0379
/Users/shahavi604/Desktop/training_crops_selected/88_RAGHUVEER_CIRCLE/f6525_b627.png,GJ23CB7122
/Users/shahavi604/Desktop/training_crops_selected/88_RAGHUVEER_CIRCLE/f6525_b628.png,GJ23CK0379
/Users/shahavi604/Desktop/training_crops_selected/88_RAGHUVEER_CIRCLE/f6525_b629.png,GJ23CK0379
/Users/shahavi604/Desktop/training_crops_selected/88_RAGHUVEER_CIRCLE/f6575_b631.png,GJ23CK0379
/Users/shahavi604/Desktop/training_crops_selected/88_RAGHUVEER_CIRCLE/f6575_b632.png,GJ23CK0379
/Users/shahavi604/Desktop/training_crops_selected/88_RAGHUVEER_CIRCLE/f6575_b633.png,SKIP
/Users/shahavi604/Desktop/training_crops_selected/88_RAGHUVEER_CIRCLE/f6600_b634.png,GJ23CK0379
/Users/shahavi604/Desktop/training_crops_selected/88_RAGHUVEER_CIRCLE/f6625_b636.png,GJ23CK0379
/Users/shahavi604/Desktop/training_crops_selected/88_RAGHUVEER_CIRCLE/f6625_b637.png,GJ23CK0379
/Users/shahavi604/Desktop/training_crops_selected/88_RAGHUVEER_CIRCLE/f6650_b638.png,GJ23CK0379
/Users/shahavi604/Desktop/training_crops_selected/88_RAGHUVEER_CIRCLE/f6675_b640.png,GJ23CK0379
/Users/shahavi604/Desktop/training_crops_selected/88_RAGHUVEER_CIRCLE/f6675_b641.png,GJ23CK0379
/Users/shahavi604/Desktop/training_crops_selected/88_RAGHUVEER_CIRCLE/f6725_b643.png,GJ23CK0379
/Users/shahavi604/Desktop/training_crops_selected/88_RAGHUVEER_CIRCLE/f6725_b644.png,SKIP
/Users/shahavi604/Desktop/training_crops_selected/88_RAGHUVEER_CIRCLE/f6750_b645.png,GJ23CK0379
/Users/shahavi604/Desktop/training_crops_selected/88_RAGHUVEER_CIRCLE/f675_b60.png,GJ23CK0379
/Users/shahavi604/Desktop/training_crops_selected/88_RAGHUVEER_CIRCLE/f675_b61.png,GJ23CK0379
/Users/shahavi604/Desktop/training_crops_selected/88_RAGHUVEER_CIRCLE/f6775_b647.png,GJ23CK0379
/Users/shahavi604/Desktop/training_crops_selected/88_RAGHUVEER_CIRCLE/f6775_b648.png,GJ23CK0379
/Users/shahavi604/Desktop/training_crops_selected/88_RAGHUVEER_CIRCLE/f6800_b649.png,GJ23CK0379
/Users/shahavi604/Desktop/training_crops_selected/88_RAGHUVEER_CIRCLE/f6825_b651.png,GJ23CK0379
/Users/shahavi604/Desktop/training_crops_selected/88_RAGHUVEER_CIRCLE/f6825_b652.png,GJ23CK0379
/Users/shahavi604/Desktop/training_crops_selected/88_RAGHUVEER_CIRCLE/f6825_b653.png,GJ23CE5374
/Users/shahavi604/Desktop/training_crops_selected/88_RAGHUVEER_CIRCLE/f6875_b655.png,GJ23CK0379
/Users/shahavi604/Desktop/training_crops_selected/88_RAGHUVEER_CIRCLE/f6900_b656.png,GJ23CK0379
/Users/shahavi604/Desktop/training_crops_selected/88_RAGHUVEER_CIRCLE/f6900_b657.png,?
/Users/shahavi604/Desktop/training_crops_selected/88_RAGHUVEER_CIRCLE/f6925_b658.png,SKIP
/Users/shahavi604/Desktop/training_crops_selected/88_RAGHUVEER_CIRCLE/f6925_b659.png,GJ23CK0379
/Users/shahavi604/Desktop/training_crops_selected/88_RAGHUVEER_CIRCLE/f6950_b661.png,GJ23CK0379
/Users/shahavi604/Desktop/training_crops_selected/88_RAGHUVEER_CIRCLE/f6950_b663.png,SKIP
/Users/shahavi604/Desktop/training_crops_selected/88_RAGHUVEER_CIRCLE/f6975_b664.png,SKIP
/Users/shahavi604/Desktop/training_crops_selected/88_RAGHUVEER_CIRCLE/f6975_b665.png,GJ23CK0379
/Users/shahavi604/Desktop/training_crops_selected/88_RAGHUVEER_CIRCLE/f6975_b667.png,GJ23CK0379
/Users/shahavi604/Desktop/training_crops_selected/88_RAGHUVEER_CIRCLE/f6975_b668.png,SKIP
/Users/shahavi604/Desktop/training_crops_selected/88_RAGHUVEER_CIRCLE/f7000_b669.png,SKIP
/Users/shahavi604/Desktop/training_crops_selected/88_RAGHUVEER_CIRCLE/f7000_b670.png,GJ23CK0379
/Users/shahavi604/Desktop/training_crops_selected/88_RAGHUVEER_CIRCLE/f7000_b672.png,GJ23CK0379
/Users/shahavi604/Desktop/training_crops_selected/88_RAGHUVEER_CIRCLE/f700_b63.png,GJ23CK0379
/Users/shahavi604/Desktop/training_crops_selected/88_RAGHUVEER_CIRCLE/f700_b64.png,?
/Users/shahavi604/Desktop/training_crops_selected/88_RAGHUVEER_CIRCLE/f700_b65.png,GJ23CK0379
/Users/shahavi604/Desktop/training_crops_selected/88_RAGHUVEER_CIRCLE/f7025_b673.png,?
/Users/shahavi604/Desktop/training_crops_selected/88_RAGHUVEER_CIRCLE/f7050_b675.png,?
/Users/shahavi604/Desktop/training_crops_selected/88_RAGHUVEER_CIRCLE/f7075_b676.png,?
/Users/shahavi604/Desktop/training_crops_selected/88_RAGHUVEER_CIRCLE/f7075_b677.png,?
/Users/shahavi604/Desktop/training_crops_selected/88_RAGHUVEER_CIRCLE/f7100_b679.png,SKIP
/Users/shahavi604/Desktop/training_crops_selected/88_RAGHUVEER_CIRCLE/f7125_b680.png,GJ23CK0379
/Users/shahavi604/Desktop/training_crops_selected/88_RAGHUVEER_CIRCLE/f7150_b681.png,SKIP
/Users/shahavi604/Desktop/training_crops_selected/88_RAGHUVEER_CIRCLE/f7200_b683.png,?
/Users/shahavi604/Desktop/training_crops_selected/88_RAGHUVEER_CIRCLE/f7200_b684.png,?
/Users/shahavi604/Desktop/training_crops_selected/88_RAGHUVEER_CIRCLE/f7200_b685.png,GJ23CE4783
/Users/shahavi604/Desktop/training_crops_selected/88_RAGHUVEER_CIRCLE/f7225_b686.png,?
/Users/shahavi604/Desktop/training_crops_selected/88_RAGHUVEER_CIRCLE/f7225_b688.png,?
/Users/shahavi604/Desktop/training_crops_selected/88_RAGHUVEER_CIRCLE/f7250_b689.png,?
/Users/shahavi604/Desktop/training_crops_selected/88_RAGHUVEER_CIRCLE/f725_b67.png,GJ23CK0379
/Users/shahavi604/Desktop/training_crops_selected/88_RAGHUVEER_CIRCLE/f7275_b691.png,?
/Users/shahavi604/Desktop/training_crops_selected/88_RAGHUVEER_CIRCLE/f7300_b692.png,?
/Users/shahavi604/Desktop/training_crops_selected/88_RAGHUVEER_CIRCLE/f7300_b693.png,SKIP
/Users/shahavi604/Desktop/training_crops_selected/88_RAGHUVEER_CIRCLE/f7375_b695.png,GJ23AV6548
/Users/shahavi604/Desktop/training_crops_selected/88_RAGHUVEER_CIRCLE/f7375_b696.png,GJ23AV6548
/Users/shahavi604/Desktop/training_crops_selected/88_RAGHUVEER_CIRCLE/f7375_b697.png,GJ23AV6548
/Users/shahavi604/Desktop/training_crops_selected/88_RAGHUVEER_CIRCLE/f7400_b699.png,GJ23CK0379
/Users/shahavi604/Desktop/training_crops_selected/88_RAGHUVEER_CIRCLE/f7425_b701.png,GJ23CK0379
/Users/shahavi604/Desktop/training_crops_selected/88_RAGHUVEER_CIRCLE/f7450_b702.png,GJ23CK0379
/Users/shahavi604/Desktop/training_crops_selected/88_RAGHUVEER_CIRCLE/f7450_b703.png,GJ23CK0379
/Users/shahavi604/Desktop/training_crops_selected/88_RAGHUVEER_CIRCLE/f7475_b704.png,GJ23CK0379
/Users/shahavi604/Desktop/training_crops_selected/88_RAGHUVEER_CIRCLE/f7500_b706.png,SKIP
/Users/shahavi604/Desktop/training_crops_selected/88_RAGHUVEER_CIRCLE/f7500_b707.png,?
/Users/shahavi604/Desktop/training_crops_selected/88_RAGHUVEER_CIRCLE/f750_b68.png,GJ23CK0379
/Users/shahavi604/Desktop/training_crops_selected/88_RAGHUVEER_CIRCLE/f750_b69.png,GJ23CK0379
/Users/shahavi604/Desktop/training_crops_selected/88_RAGHUVEER_CIRCLE/f7525_b708.png,GJ23CK0379
/Users/shahavi604/Desktop/training_crops_selected/88_RAGHUVEER_CIRCLE/f7550_b710.png,?
/Users/shahavi604/Desktop/training_crops_selected/88_RAGHUVEER_CIRCLE/f7550_b711.png,GJ23CK0379
/Users/shahavi604/Desktop/training_crops_selected/88_RAGHUVEER_CIRCLE/f7550_b712.png,GJ23CK0379
/Users/shahavi604/Desktop/training_crops_selected/88_RAGHUVEER_CIRCLE/f7575_b714.png,GJ23AU0442
/Users/shahavi604/Desktop/training_crops_selected/88_RAGHUVEER_CIRCLE/f75_b7.png,?
/Users/shahavi604/Desktop/training_crops_selected/88_RAGHUVEER_CIRCLE/f75_b8.png,GJ23CK0379
/Users/shahavi604/Desktop/training_crops_selected/88_RAGHUVEER_CIRCLE/f7600_b715.png,GJ23CC9878
/Users/shahavi604/Desktop/training_crops_selected/88_RAGHUVEER_CIRCLE/f7600_b716.png,GJ23CK0379
/Users/shahavi604/Desktop/training_crops_selected/88_RAGHUVEER_CIRCLE/f7625_b718.png,SKIP
/Users/shahavi604/Desktop/training_crops_selected/88_RAGHUVEER_CIRCLE/f7625_b719.png,SKIP
/Users/shahavi604/Desktop/training_crops_selected/88_RAGHUVEER_CIRCLE/f7650_b720.png,?
/Users/shahavi604/Desktop/training_crops_selected/88_RAGHUVEER_CIRCLE/f7675_b722.png,GJ23CK0379
/Users/shahavi604/Desktop/training_crops_selected/88_RAGHUVEER_CIRCLE/f7700_b723.png,GJ23CK0379
/Users/shahavi604/Desktop/training_crops_selected/88_RAGHUVEER_CIRCLE/f7700_b724.png,GJ23CK0379
/Users/shahavi604/Desktop/training_crops_selected/88_RAGHUVEER_CIRCLE/f7725_b726.png,GJ23CK0379
/Users/shahavi604/Desktop/training_crops_selected/88_RAGHUVEER_CIRCLE/f7750_b727.png,GJ23CK0379
/Users/shahavi604/Desktop/training_crops_selected/88_RAGHUVEER_CIRCLE/f775_b70.png,GJ23CK0379
/Users/shahavi604/Desktop/training_crops_selected/88_RAGHUVEER_CIRCLE/f7775_b728.png,?
/Users/shahavi604/Desktop/training_crops_selected/88_RAGHUVEER_CIRCLE/f7800_b730.png,GJ23CK0379
/Users/shahavi604/Desktop/training_crops_selected/88_RAGHUVEER_CIRCLE/f7825_b731.png,GJ23CK0379
/Users/shahavi604/Desktop/training_crops_selected/88_RAGHUVEER_CIRCLE/f800_b72.png,SKIP
/Users/shahavi604/Desktop/training_crops_selected/88_RAGHUVEER_CIRCLE/f800_b73.png,GJ23CK0379
/Users/shahavi604/Desktop/training_crops_selected/88_RAGHUVEER_CIRCLE/f800_b74.png,GJ23CK0379
/Users/shahavi604/Desktop/training_crops_selected/88_RAGHUVEER_CIRCLE/f8100_b732.png,?
/Users/shahavi604/Desktop/training_crops_selected/88_RAGHUVEER_CIRCLE/f8125_b734.png,SKIP
/Users/shahavi604/Desktop/training_crops_selected/88_RAGHUVEER_CIRCLE/f8200_b735.png,?
/Users/shahavi604/Desktop/training_crops_selected/88_RAGHUVEER_CIRCLE/f8225_b737.png,?
/Users/shahavi604/Desktop/training_crops_selected/88_RAGHUVEER_CIRCLE/f8250_b738.png,?
/Users/shahavi604/Desktop/training_crops_selected/88_RAGHUVEER_CIRCLE/f8250_b739.png,?
/Users/shahavi604/Desktop/training_crops_selected/88_RAGHUVEER_CIRCLE/f825_b76.png,GJ23CK0379
/Users/shahavi604/Desktop/training_crops_selected/88_RAGHUVEER_CIRCLE/f825_b77.png,GJ23CK0379
/Users/shahavi604/Desktop/training_crops_selected/88_RAGHUVEER_CIRCLE/f8275_b740.png,?
/Users/shahavi604/Desktop/training_crops_selected/88_RAGHUVEER_CIRCLE/f8300_b741.png,?
/Users/shahavi604/Desktop/training_crops_selected/88_RAGHUVEER_CIRCLE/f8325_b743.png,GJ23CK0379
/Users/shahavi604/Desktop/training_crops_selected/88_RAGHUVEER_CIRCLE/f8350_b744.png,GJ23CK0379
/Users/shahavi604/Desktop/training_crops_selected/88_RAGHUVEER_CIRCLE/f8425_b746.png,GJ23CK0379
/Users/shahavi604/Desktop/training_crops_selected/88_RAGHUVEER_CIRCLE/f8450_b747.png,GJ23CK0379
/Users/shahavi604/Desktop/training_crops_selected/88_RAGHUVEER_CIRCLE/f8475_b748.png,GJ23CK0379
/Users/shahavi604/Desktop/training_crops_selected/88_RAGHUVEER_CIRCLE/f8500_b750.png,GJ23CK0379
/Users/shahavi604/Desktop/training_crops_selected/88_RAGHUVEER_CIRCLE/f8500_b751.png,GJ23CK0379
/Users/shahavi604/Desktop/training_crops_selected/88_RAGHUVEER_CIRCLE/f850_b79.png,GJ23CK0379
/Users/shahavi604/Desktop/training_crops_selected/88_RAGHUVEER_CIRCLE/f8525_b752.png,GJ23CK0379
/Users/shahavi604/Desktop/training_crops_selected/88_RAGHUVEER_CIRCLE/f8525_b754.png,GJ23CK0379
/Users/shahavi604/Desktop/training_crops_selected/88_RAGHUVEER_CIRCLE/f8550_b755.png,GJ23CK0379
/Users/shahavi604/Desktop/training_crops_selected/88_RAGHUVEER_CIRCLE/f8575_b756.png,GJ23CK0379
/Users/shahavi604/Desktop/training_crops_selected/88_RAGHUVEER_CIRCLE/f8600_b757.png,SKIP
/Users/shahavi604/Desktop/training_crops_selected/88_RAGHUVEER_CIRCLE/f8625_b759.png,GJ23CK0379
/Users/shahavi604/Desktop/training_crops_selected/88_RAGHUVEER_CIRCLE/f8625_b761.png,SKIP
/Users/shahavi604/Desktop/training_crops_selected/88_RAGHUVEER_CIRCLE/f8650_b762.png,?
/Users/shahavi604/Desktop/training_crops_selected/88_RAGHUVEER_CIRCLE/f8650_b763.png,GJ23CK0379
/Users/shahavi604/Desktop/training_crops_selected/88_RAGHUVEER_CIRCLE/f8650_b764.png,GJ23CK0379
/Users/shahavi604/Desktop/training_crops_selected/88_RAGHUVEER_CIRCLE/f8700_b766.png,GJ23CK0379
/Users/shahavi604/Desktop/training_crops_selected/88_RAGHUVEER_CIRCLE/f8725_b767.png,GJ23CK0379
/Users/shahavi604/Desktop/training_crops_selected/88_RAGHUVEER_CIRCLE/f8750_b768.png,GJ23CK0379
/Users/shahavi604/Desktop/training_crops_selected/88_RAGHUVEER_CIRCLE/f875_b80.png,GJ23CK0379
/Users/shahavi604/Desktop/training_crops_selected/88_RAGHUVEER_CIRCLE/f875_b81.png,?
/Users/shahavi604/Desktop/training_crops_selected/88_RAGHUVEER_CIRCLE/f875_b82.png,GJ23CK0379
/Users/shahavi604/Desktop/training_crops_selected/88_RAGHUVEER_CIRCLE/f8875_b770.png,?
/Users/shahavi604/Desktop/training_crops_selected/88_RAGHUVEER_CIRCLE/f8875_b771.png,GJ23CK0379
/Users/shahavi604/Desktop/training_crops_selected/88_RAGHUVEER_CIRCLE/f8900_b772.png,GJ23CK0379
/Users/shahavi604/Desktop/training_crops_selected/88_RAGHUVEER_CIRCLE/f9000_b774.png,GJ23CK0379
/Users/shahavi604/Desktop/training_crops_selected/88_RAGHUVEER_CIRCLE/f9000_b775.png,GJ23AV9692
/Users/shahavi604/Desktop/training_crops_selected/88_RAGHUVEER_CIRCLE/f900_b84.png,GJ23CK0379
/Users/shahavi604/Desktop/training_crops_selected/88_RAGHUVEER_CIRCLE/f900_b85.png,?
/Users/shahavi604/Desktop/training_crops_selected/88_RAGHUVEER_CIRCLE/f9075_b776.png,GJ23CK0379
/Users/shahavi604/Desktop/training_crops_selected/88_RAGHUVEER_CIRCLE/f9125_b778.png,GJ23CK0379
/Users/shahavi604/Desktop/training_crops_selected/88_RAGHUVEER_CIRCLE/f9150_b780.png,?
/Users/shahavi604/Desktop/training_crops_selected/88_RAGHUVEER_CIRCLE/f9150_b781.png,GJ23CK0379
/Users/shahavi604/Desktop/training_crops_selected/88_RAGHUVEER_CIRCLE/f9175_b782.png,GJ23Z6430
/Users/shahavi604/Desktop/training_crops_selected/88_RAGHUVEER_CIRCLE/f9175_b783.png,GJ23CK0379
/Users/shahavi604/Desktop/training_crops_selected/88_RAGHUVEER_CIRCLE/f9250_b784.png,SKIP
/Users/shahavi604/Desktop/training_crops_selected/88_RAGHUVEER_CIRCLE/f925_b86.png,GJ23CK0379
/Users/shahavi604/Desktop/training_crops_selected/88_RAGHUVEER_CIRCLE/f9300_b786.png,GJ23CK0379
/Users/shahavi604/Desktop/training_crops_selected/88_RAGHUVEER_CIRCLE/f9325_b787.png,SKIP
/Users/shahavi604/Desktop/training_crops_selected/88_RAGHUVEER_CIRCLE/f9325_b788.png,GJ23CK0379
/Users/shahavi604/Desktop/training_crops_selected/88_RAGHUVEER_CIRCLE/f9350_b790.png,GJ23AU5554
/Users/shahavi604/Desktop/training_crops_selected/88_RAGHUVEER_CIRCLE/f9350_b791.png,GJ23AU5554
/Users/shahavi604/Desktop/training_crops_selected/88_RAGHUVEER_CIRCLE/f9375_b792.png,GJ23CK0379
/Users/shahavi604/Desktop/training_crops_selected/88_RAGHUVEER_CIRCLE/f9450_b794.png,GJ23CK0379
/Users/shahavi604/Desktop/training_crops_selected/88_RAGHUVEER_CIRCLE/f9475_b795.png,GJ23CK0379
/Users/shahavi604/Desktop/training_crops_selected/88_RAGHUVEER_CIRCLE/f9500_b796.png,GJ23CK0379
/Users/shahavi604/Desktop/training_crops_selected/88_RAGHUVEER_CIRCLE/f950_b87.png,GJ23CK0379
/Users/shahavi604/Desktop/training_crops_selected/88_RAGHUVEER_CIRCLE/f9550_b798.png,GJ23CK0379
/Users/shahavi604/Desktop/training_crops_selected/88_RAGHUVEER_CIRCLE/f9575_b799.png,GJ23CK0379
/Users/shahavi604/Desktop/training_crops_selected/88_RAGHUVEER_CIRCLE/f9625_b800.png,GJ23CK0379
/Users/shahavi604/Desktop/training_crops_selected/88_RAGHUVEER_CIRCLE/f9675_b802.png,GJ23CK0379
/Users/shahavi604/Desktop/training_crops_selected/88_RAGHUVEER_CIRCLE/f9700_b803.png,GJ23CK0379
/Users/shahavi604/Desktop/training_crops_selected/88_RAGHUVEER_CIRCLE/f9725_b804.png,GJ23CK0379
/Users/shahavi604/Desktop/training_crops_selected/88_RAGHUVEER_CIRCLE/f975_b89.png,GJ23CK0379
/Users/shahavi604/Desktop/training_crops_selected/88_RAGHUVEER_CIRCLE/f975_b90.png,SKIP
/Users/shahavi604/Desktop/training_crops_selected/88_RAGHUVEER_CIRCLE/f9875_b806.png,GJ23CK0379
/Users/shahavi604/Desktop/training_crops_selected/88_RAGHUVEER_CIRCLE/f9900_b807.png,?
/Users/shahavi604/Desktop/training_crops_selected/88_RAGHUVEER_CIRCLE/f9900_b808.png,GJ23CK0379
/Users/shahavi604/Desktop/training_crops_selected/88_RAGHUVEER_CIRCLE/f9950_b810.png,GJ23CK0379
/Users/shahavi604/Desktop/training_crops_selected/88_RAGHUVEER_CIRCLE/f9975_b811.png,GJ23CK0379
